Hugo_Symbol	Kids_First_Biospecimen_ID_rna	subgroup	splicing_case	exon_region	event_in_gtf	IJC_sample	SJC_sample	PSI_sample	PSI_other_group	PSI_diff_group	sample_PSI_zscore	Kids_First_Biospecimen_ID_normal	chr	plp_variant_position	ref	alt	variant_classification_vep	clinvar_variant_id	strand	region	region_start	region_end	upstream_exon_start	upstream_exon_end	downstream_exon_start	downstream_exon_end	region_start_dist	region_end_dist	upstream_exon_start_dist	upstream_exon_end_dist	downstream_exon_start_dist	downstream_exon_end_dist	min_dist	is_splice_variant	variant_classification	molecular_subtype	plot_group	plot_group_hex	expr_zscore	junction_status	rank
PTCH1	BS_7C40TRCY	MB, SHH	SE	95506406:95506599:95485684:95485874:95508160:95509266	No	51	502	0.048	0.946	-0.898	-2.816	BS_MN2FX68Z	chr9	95506600	C	G	splice_acceptor_variant	1071610	-	95506406:95506599:95480538:95480588:95516468:95517057	95506406	95506599	95480538	95480588	95516468	95517057	194	1	26062	26012	9868	10457	1	Splice, proximal	splice variant	MB, SHH	Medulloblastoma	#a340ff	0.11	Novel	exon 2
FANCM	BS_0J9SHHSC	Low-grade glioma	SE	45198731:45198935:45196171:45196547:45199869:45199927	No	4	7	0.222	0.997	-0.775	-12.8	BS_8YD46AZB	chr14	45198718	C	T	stop_gained	526381	+	45198731:45198935:45196171:45196547:45199869:45199927	45198731	45198935	45196171	45196547	45199869	45199927	13	217	2547	2171	1151	1209	13	Non-splice, proximal	stop gained	LGG, KIAA1549-BRAF	Low-grade glioma	#8f8fbf	0.73	Novel	exon 22
NF1	BS_NDC69214	Neurofibroma plexiform	SE	31338703:31338805:31338001:31338139:31340504:31340645	No	34	56	0.265	0.987	-0.722	-3.31	BS_ZQY1P7NR	chr17	31338739	C	A	stop_gained	185082	+	31338703:31338805:31338001:31338139:31340504:31340645	31338703	31338805	31338001	31338139	31340504	31340645	36	66	738	600	1765	1906	36	Non-splice, proximal	stop gained	NA	Neurofibroma plexiform	#e6ac39	-0.15	Novel	exon 46
NF1	BS_AA164D3A	Non-neoplastic tumor	SE	31169890:31169997:31163185:31163376:31181421:31181489	Yes	20	20	0.369	0.983	-0.614	-4.752	BS_F0K8DMTS	chr17	31170002	G	A	splice_donor_5th_base_variant&intron_variant	404473	+	31169890:31169997:31163185:31163376:31181421:31181489	31169890	31169997	31163185	31163376	31181421	31181489	112	5	6817	6626	11419	11487	5	Splice, proximal	splice variant	NA	Non-neoplastic tumor	#FFF5EB	-2.07	Known	exon 5
TSC2	BS_8Z3SCKB5	SEGA	SE	2060669:2060813:2058746:2058873:2061870:2062008	No	70	47	0.4320000000000001	1	-0.568	-2.846	BS_9A5CF1QE	chr16	2060655	G	A	splice_polypyrimidine_tract_variant&intron_variant	49396	+	2060669:2060813:2058746:2058873:2061870:2062008	2060669	2060813	2058746	2058873	2061870	2062008	14	158	1909	1782	1215	1353	14	Splice, proximal	splice variant	SEGA, To be classified	Low-grade glioma	#8f8fbf	-0.42	Novel	exon 11
LZTR1	BS_S71RJ8DH	Atypical Teratoid Rhabdoid Tumor	SE	20987503:20987583:20985840:20985897:20988009:20988113	Yes	95	72	0.463	0.953	-0.49	-4.346	BS_FPB0JGKX	chr22	20987555	C	T	synonymous_variant	1158766	+	20987503:20987583:20985840:20985897:20988009:20988113	20987503	20987583	20985840	20985897	20988009	20988113	52	28	1715	1658	454	558	28	Non-splice, proximal	synonymous variant	ATRT, MYC	Atypical Teratoid Rhabdoid Tumor	#4d0d85	0.57	Known	exon 4
ATM	BS_94MT16N2	Low-grade glioma	SE	108315822:108315911:108312410:108312498:108316010:108316113	No	124	61	0.561	1	-0.439	-14.248	BS_Q7NF95N0	chr11	108315911	G	A	missense_variant&splice_region_variant	181974	+	108315822:108315911:108312410:108312498:108316010:108316113	108315822	108315911	108312410	108312498	108316010	108316113	89	0	3501	3413	99	202	0	Splice, proximal	splice variant	LGG, KIAA1549-BRAF	Low-grade glioma	#8f8fbf	2.37	Novel	exon 41
SMARCE1	BS_6YMJ621P	Meningioma	RI	40631591:40636102:40631591:40632367:40635930:40636102	Yes	31	23	0.403	0.021	0.382	4.33	BS_0YJF1F95	chr17	40632281	TCTCA	T	frameshift_variant	212264	-	40630713:40632367:40630713:40631693:40632194:40632367	40630713	40632367	40630713	40631693	40632194	40632367	1568	86	1568	588	87	86	86	Non-splice, proximal	frameshift variant	NA	Meningioma	#2db398	-2.47	Known	intron 8-9
MSH6	BS_K81DR8XG	MB, SHH	SE	47790926:47791123:47783150:47783231:47798610:47801155	No	10	2	0.7140000000000001	1	-0.286	-4.007	BS_E0H9DHVX	chr2	47783495	T	G	splice_donor_variant	1793667	+	47790926:47791123:47783081:47783493:47795893:47796036	47790926	47791123	47783081	47783493	47795893	47796036	7431	7628	414	2	12398	12541	2	Splice, proximal	splice variant	MB, SHH	Medulloblastoma	#a340ff	-2.09	Novel	NA
LZTR1	BS_H3Y8FWHV	Schwannoma	RI	20994103:20994727:20994103:20994269:20994557:20994727	Yes	32	22	0.421	0.139	0.282	2.577	BS_ETAATG3J	chr22	20994614	C	T	stop_gained	1777724	+	20994103:20994727:20994103:20994269:20994557:20994727	20994103	20994727	20994103	20994269	20994557	20994727	511	113	511	345	57	113	57	Non-splice, proximal	stop gained	NA	Schwannoma	#ab7200	-2.84	Known	intron 14
GBA	BS_7C40TRCY	MB, SHH	SE	155240629:155240717:155239885:155240077:155241085:155241180	No	49	11	0.737	0.999	-0.262	-4.002	BS_MN2FX68Z	chr1	155240629	C	T	splice_donor_variant	93445	-	155240629:155240717:155239885:155240077:155241085:155241180	155240629	155240717	155239885	155240077	155241085	155241180	0	88	744	552	456	551	0	Splice, proximal	splice variant	MB, SHH	Medulloblastoma	#a340ff	-1.75	Novel	exon 2
NF1	BS_4EN8D8Y4	Low-grade glioma	SE	31252937:31253000:31248983:31249119:31257686:31257726	Yes	17	4	0.75	0.996	-0.246	-12.478	BS_QX8PTX5X	chr17	31249121	T	A	splice_donor_variant	NA	+	31252937:31253000:31248983:31249119:31257686:31257726	31252937	31253000	31248983	31249119	31257686	31257726	3816	3879	138	2	8565	8605	2	Splice, proximal	splice variant	LGG, NF1-germline, CDKN2A/B	Low-grade glioma	#8f8fbf	-0.7	Known	exon 31
TSC2	BS_3EVSN5QD	SEGA	A3SS	2062496:2062600:2062528:2062600:2061870:2062008	Yes	16	4	0.767	1	-0.233	-2.846	BS_BPDT230W	chr16	2062516	TG	T	frameshift_variant	NA	+	2062496:2062600:2062528:2062600:2061870:2062008	2062496	2062600	2062528	2062600	2061870	2062008	20	84	12	84	646	508	12	Non-splice, proximal	frameshift variant	SEGA, To be classified	Low-grade glioma	#8f8fbf	-1.48	Known	exon 13
TSC2	BS_ZH1FBX50	Non-neoplastic tumor	RI	2078919:2079428:2078919:2079196:2079275:2079428	Yes	81	185	0.223	0.025	0.198	4.35	BS_EM975DQ6	chr16	2079197	G	A	splice_donor_variant	49244	+	2078919:2079428:2078919:2079196:2079275:2079428	2078919	2079428	2078919	2079196	2079275	2079428	278	231	278	1	78	231	1	Splice, proximal	splice variant	NA	Non-neoplastic tumor	#FFF5EB	-0.23	Known	intron 26-27
RECQL4	BS_QXKRN6CR	Ependymoma	SE	144512391:144512561:144512143:144512324:144512641:144512771	Yes	33	4	0.805	1	-0.195	-7.963	BS_63JFFF51	chr8	144512562	C	G	splice_acceptor_variant	NA	-	144512391:144512561:144512143:144512324:144512641:144512771	144512391	144512561	144512143	144512324	144512641	144512771	171	1	419	238	79	209	1	Splice, proximal	splice variant	EPN, ST ZFTA	Ependymoma	#2200ff	0.11	Known	exon 17
MSH3	BS_AMQGM1V9	Non-neoplastic tumor	SE	80778719:80778836:80775693:80775758:80787564:80787672	No	234	32	0.804	0.998	-0.194	-4.728	BS_ESFA9S69	chr5	80778719	G	A	splice_acceptor_variant	253325	+	80778719:80778836:80775693:80775758:80787564:80787672	80778719	80778836	80775693	80775758	80787564	80787672	0	117	3026	2961	8845	8953	0	Splice, proximal	splice variant	NA	Non-neoplastic tumor	#FFF5EB	-0.2	Novel	exon 17
FANCC	BS_MF47B9ZW	Mixed neuronal-glial tumor	SE	95135345:95135502:95126528:95126581:95149922:95150087	No	10	1	0.833	1	-0.167	-8.545	BS_38D5GXR1	chr9	95135345	C	T	splice_donor_variant	127547	-	95135345:95135502:95126528:95126581:95149922:95150087	95135345	95135502	95126528	95126581	95149922	95150087	0	157	8817	8764	14577	14742	0	Splice, proximal	splice variant	GNG, wildtype	Mixed neuronal-glial tumor	#685815	-0.58	Novel	exon 8
TSC2	BS_8Z3SCKB5	SEGA	RI	2060669:2062008:2060669:2060813:2061870:2062008	Yes	24	51	0.19	0.04	0.15	2.341	BS_9A5CF1QE	chr16	2060655	G	A	splice_polypyrimidine_tract_variant&intron_variant	49396	+	2060669:2062008:2060669:2060813:2061870:2062008	2060669	2062008	2060669	2060813	2061870	2062008	14	1353	14	158	1215	1353	14	Splice, proximal	splice variant	SEGA, To be classified	Low-grade glioma	#8f8fbf	-0.42	Known	intron 11
MSH6	BS_W9N9844Q	Other high-grade glioma	SE	47804909:47805027:47803419:47803685:47805617:47805707	No	179	16	0.862	1	-0.138	-8.427	BS_0754AZX0	chr2	47804908	A	G	splice_acceptor_variant	89391	+	47804909:47805027:47803419:47803685:47805617:47805707	47804909	47805027	47803419	47803685	47805617	47805707	1	119	1489	1223	709	799	1	Splice, proximal	splice variant	HGG, H3 wildtype, TP53	Other high-grade glioma	#ffccf5	-1.7	Novel	exon 6
SLX4	BS_QXKRN6CR	Ependymoma	SE	3592698:3592865:3589001:3591310:3594452:3594599	No	16	1	0.889	0.991	-0.102	-3.4	BS_63JFFF51	chr16	3591125	TC	T	frameshift_variant	NA	-	3592698:3592865:3589001:3591310:3594452:3594599	3592698	3592865	3589001	3591310	3594452	3594599	1573	1740	2124	185	3327	3474	185	Non-splice, proximal	frameshift variant	EPN, ST ZFTA	Ependymoma	#2200ff	-0.86	Novel	exon 11
GBA	BS_KEA474HN	Low-grade glioma	SE	155240629:155240717:155239885:155240077:155241085:155241180	No	653	46	0.899	1	-0.101	-13.957	BS_HVCBQ58H	chr1	155240629	C	T	splice_donor_variant	93445	-	155240629:155240717:155239885:155240077:155241085:155241180	155240629	155240717	155239885	155240077	155241085	155241180	0	88	744	552	456	551	0	Splice, proximal	splice variant	LGG, KIAA1549-BRAF, other MAPK	Low-grade glioma	#8f8fbf	-0.29	Novel	exon 2
RAD51D	BS_M15PW2N0	MB, SHH	A3SS	35106987:35107122:35106987:35107061:35107365:35107447	Yes	23	2	0.8909999999999999	0.991	-0.1	-3.205	BS_QMBK2FV7	chr17	35107380	T	TA	frameshift_variant	185760	-	35106987:35107122:35106987:35107061:35107365:35107447	35106987	35107122	35106987	35107061	35107365	35107447	393	258	393	319	15	67	15	Non-splice, proximal	frameshift variant	MB, SHH	Medulloblastoma	#a340ff	-0.66	Known	exon 5
ERCC2	BS_SDCNP7MW	Ependymoma	SE	45364837:45364954:45364423:45364547:45365041:45365158	No	108	6	0.91	1	-0.09	-8.045	BS_V733WCVK	chr19	45364832	CCTCA	C	splice_donor_variant&splice_donor_5th_base_variant&intron_variant	402226	-	45364837:45364954:45364423:45364547:45365041:45365158	45364837	45364954	45364423	45364547	45365041	45365158	5	122	409	285	209	326	5	Splice, proximal	splice variant	EPN, PF B	Ependymoma	#2200ff	-0.53	Novel	exon 7
FAH	BS_TYKJ8G2G	Schwannoma	SE	80180123:80180225:80177406:80177583:80181041:80181159	No	87	5	0.912	1	-0.088	-3.175	BS_JZKV3CQ1	chr15	80180230	G	A	splice_donor_5th_base_variant&intron_variant	11870	+	80180123:80180225:80177406:80177583:80181041:80181159	80180123	80180225	80177406	80177583	80181041	80181159	107	5	2824	2647	811	929	5	Splice, proximal	splice variant	NA	Schwannoma	#ab7200	-2.28	Novel	exon 12
NF1	BS_KE56MMY0	Neurofibroma plexiform	SE	31343008:31343135:31340504:31340645:31349119:31349150	No	45	2	0.924	1	-0.076	-3.328	BS_GJWAV3E5	chr17	31343008	G	C	splice_acceptor_variant	996501	+	31343008:31343135:31340504:31340645:31349119:31349150	31343008	31343135	31340504	31340645	31349119	31349150	0	127	2504	2363	6111	6142	0	Splice, proximal	splice variant	NA	Neurofibroma plexiform	#e6ac39	0.79	Novel	exon 48
FANCM	BS_0J9SHHSC	Low-grade glioma	A3SS	45198643:45198935:45198731:45198935:45196171:45196547	Yes	39	2	0.925	0.996	-0.071	-2.681	BS_8YD46AZB	chr14	45198718	C	T	stop_gained	526381	+	45198643:45198935:45198731:45198935:45196171:45196547	45198643	45198935	45198731	45198935	45196171	45196547	75	217	13	217	2547	2171	13	Non-splice, proximal	stop gained	LGG, KIAA1549-BRAF	Low-grade glioma	#8f8fbf	0.73	Known	NA
BAP1	BS_5AF6ZNJF	Meningioma	SE	52405109:52405294:52404452:52404586:52405764:52405912	No	100	4	0.926	0.997	-0.071	-4.194	BS_XCKDRRYT	chr3	52404529	G	A	stop_gained	490777	-	52405109:52405294:52404452:52404586:52405764:52405912	52405109	52405294	52404452	52404586	52405764	52405912	580	765	77	57	1235	1383	57	Non-splice, proximal	stop gained	NA	Meningioma	#2db398	-3.07	Novel	exon 11
FAH	BS_YEQVW4ND	Low-grade glioma	SE	80180123:80180225:80177406:80177583:80181041:80181159	No	111	5	0.93	0.999	-0.069	-10.584	BS_96TV932S	chr15	80180230	G	A	splice_donor_5th_base_variant&intron_variant	11870	+	80180123:80180225:80177406:80177583:80181041:80181159	80180123	80180225	80177406	80177583	80181041	80181159	107	5	2824	2647	811	929	5	Splice, proximal	splice variant	LGG, RTK, CDKN2A/B	Low-grade glioma	#8f8fbf	-0.97	Novel	exon 12
TSC2	BS_ZH1FBX50	Non-neoplastic tumor	SE	2079034:2079196:2076490:2076585:2079275:2079428	No	270	10	0.931	1	-0.069	-4.8	BS_EM975DQ6	chr16	2079197	G	A	splice_donor_variant	49244	+	2079031:2079196:2076490:2076585:2079275:2079349	2079031	2079196	2076490	2076585	2079275	2079349	166	1	2707	2612	78	152	1	Splice, proximal	splice variant	NA	Non-neoplastic tumor	#FFF5EB	-0.23	Novel	exon 27
TSC2	BS_AG3D3435	SEGA	SE	2082435:2082504:2080336:2081798:2083694:2083816	Yes	9	41	0.131	0.069	0.062	2.268	BS_Z6GF2TDX	chr16	2080179	C	T	stop_gained	49257	+	2082435:2082504:2080336:2081798:2083694:2083816	2082435	2082504	2080336	2081798	2083694	2083816	2256	2325	157	1619	3515	3637	157	Non-splice, proximal	stop gained	SEGA, wildtype	Low-grade glioma	#8f8fbf	-1.12	Known	exon 32
ATM	BS_49F4RAA4	Other tumor	SE	108282709:108282879:108280994:108281168:108284226:108284473	No	144	4	0.947	0.999	-0.052	-4.472	BS_EVZW31ZP	chr11	108284280	AG	A	frameshift_variant	127374	+	108282709:108282879:108280994:108281168:108284226:108284473	108282709	108282879	108280994	108281168	108284226	108284473	1571	1401	3286	3112	54	193	54	Non-splice, proximal	frameshift variant	NA	Other tumor	#b5b5b5	0.68	Novel	exon 25
