Kids_First_Biospecimen_ID_normal	gene	chr	start	end	ref	alt	proband_germline_ref_depth	proband_germline_alt_depth	proband_germline_depth	proband_germline_vaf	proband_tumor_vaf	proband_tumor_depth	proband_tumor_alt_depth	proband_tumor_ref_depth	Kids_First_Biospecimen_ID_tumor	variant_id	loh_score	loh_OR	loh_pvalue
BS_0754AZX0	MSH6	chr2	47804908	47804908	A	G	17	22	39	0.56	0.57	54	31	23	BS_20TBZG09	chr2:47804908:A:G	0.009999999999999898	1.0410734711856033	0.9999999999999999
BS_0754AZX0	MSH6	chr2	47805662	47805662	C	G	17	12	29	0.41	0.51	75	38	37	BS_20TBZG09	chr2:47805662:C:G	0.10000000000000003	1.4497051317104093	0.5121096313766016
BS_0754AZX0	MSH6	chr2	47806281	47806281	C	A	24	12	36	0.33	0.53	58	31	0	BS_20TBZG09	chr2:47806281:C:A	0.2	2.275809306907231	0.08782478687843048
BS_0KKH9VKP	NF1	chr17	31223470	31223470	A	G	7	4	11	0.36	0.62	77	48	29	BS_96S0VQBN	chr17:31223470:A:G	0.26	2.8603393597556788	0.11551756945298584
BS_0QC2QX0P	BRCA2	chr13	32333283	32333284	GA	G	20	3	23	0.13	0.01	100	1	99	BS_PNXDHDF3	chr13:32333283:GA:G	-0.12000000000000001	0.06961550903659326	0.02048271600450726
BS_0QC2QX0P	BRCA1	chr17	43124027	43124029	ACT	A	12	10	22	0.45	0.33	64	21	43	BS_PNXDHDF3	chr17:43124027:ACT:A	-0.12	0.5898260264073215	0.3124474202214959
BS_0RVVY4PS	EXT2	chr11	44114237	44114237	G	T	15	21	36	0.58	0.49	65	32	33	BS_9F2J6VS1	chr11:44114237:G:T	-0.08999999999999997	0.6951781055331971	0.4119171238331616
BS_0WDJRMAB	APC	chr5	112839514	112839514	T	A	17	20	37	0.54	0.41	91	37	0	BS_KYPMZZSY	chr5:112839514:T:A	-0.13000000000000006	0.5849034384917094	0.17644735842149012
BS_0Y1Y2WA4	SDHA	chr5	240396	240396	G	T	17	18	35	0.51	0.5	88	44	44	BS_1AZ8YJSH	chr5:240396:G:T	-0.010000000000000009	0.9449127585951378	1
BS_0YFQF89N	MUTYH	chr1	45332446	45332446	G	A	23	24	47	0.51	0.46	79	36	0	BS_SSYNTXDC	chr1:45332446:G:A	-0.04999999999999999	0.8037395783372658	0.5839176024052597
BS_0YJF1F95	SMARCE1	chr17	40632281	40632285	TCTCA	T	22	8	30	0.27	0.86	79	68	11	BS_354DTKHE	chr17:40632281:TCTCA:T	0.59	16.351863956467028	6.3445399884979035e-9
BS_0YV62XEX	NF1	chr17	31207125	31207125	T	G	23	12	35	0.34	0.59	58	34	0	BS_TX2WGF8K	chr17:31207125:T:G	0.24999999999999994	2.685354110634644	0.03217764865560985
BS_14EZDZE6	TSC1	chr9	132905999	132905999	G	A	19	14	33	0.42	0.84	51	43	0	BS_F9ZTZ4YS	chr9:132905999:G:A	0.42	7.090344096579973	9.772562015723485e-5
BS_1C3RDKQH	PKD1	chr16	2084567	2084567	T	TC	14	16	30	0.53	0.44	82	36	76	BS_CFEWVDG1	chr16:2084567:T:TC	-0.09000000000000002	0.6871346764688177	0.39982371671454386
BS_1GMX5YEM	AC004223.3	chr17	35119613	35119613	T	C	11	17	28	0.61	0.24	46	11	0	BS_2HNHCSNB	chr17:35119613:T:C	-0.37	0.20839682587466005	0.0027134288031581736
BS_1K0Q5YZY	FANCA	chr16	89745062	89745065	GCCA	G	21	20	41	0.49	0.41	73	30	42	BS_10HD18B8	chr16:89745062:GCCA:G	-0.08000000000000002	0.7345913303101547	0.43945172302768615
BS_1Z7Y81NW	PMS2	chr7	6005918	6005918	C	A	21	27	48	0.56	0.43	82	35	0	BS_XKXDH0YJ	chr7:6005918:C:A	-0.13000000000000006	0.5816549516573372	0.1492525683808767
BS_26CXGVJ0	GJB2	chr13	20189605	20189605	T	G	8	17	25	0.68	0.48	71	34	0	BS_C6GBYR17	chr13:20189605:T:G	-0.20000000000000007	0.43619992066615926	0.10482062575609111
BS_29YQSB5E	XPC	chr3	14152376	14152376	T	A	25	20	45	0.44	0.48	64	31	0	BS_ZSH09N84	chr3:14152376:T:A	0.03999999999999998	1.1725097198654102	0.7012267459258851
BS_2EAATK5V	NF1	chr17	31182594	31182595	CT	C	18	16	34	0.47	0.56	66	37	26	BS_ERMGD2N5	chr17:31182594:CT:C	0.09000000000000008	1.43010096360036	0.4071132011180976
BS_2G2VJT4R	PRF1	chr10	70599064	70599064	G	T	14	19	33	0.58	0.58	60	35	25	BS_ZJT1REVB	chr10:70599064:G:T	0	1.0312502787891002	1
BS_2TZNPK1V	VHL	chr3	10146573	10146574	GA	G	17	21	38	0.55	0.56	36	20	15	BS_XWQTX5HH	chr3:10146573:GA:G	0.010000000000000009	1.0117448715841453	1
BS_345M1B93	ABCB11	chr2	168996709	168996709	C	T	11	11	22	0.5	0.41	63	26	37	BS_MS87PMR7	chr2:168996709:C:T	-0.09000000000000002	0.7056779607639254	0.6181739764153481
BS_358WF90F	CHEK2	chr22	28734532	28734532	C	T	16	11	27	0.41	0.42	60	25	35	BS_HM5N78GV	chr22:28734532:C:T	0.010000000000000009	1.0385162867033648	1
BS_382HZBG4	COL7A1	chr3	48589643	48589643	A	G	24	20	44	0.45	0.71	80	57	23	BS_JC8YV5V9	chr3:48589643:A:G	0.25999999999999995	2.9459231951059186	0.0065933662038866435
BS_38D5GXR1	FANCC	chr9	95135345	95135345	C	T	19	16	35	0.46	0.56	71	40	31	BS_1RF75MK2	chr9:95135345:C:T	0.10000000000000003	1.5260090358588487	0.40819421950436957
BS_3BC5EX6K	GJB2	chr13	20189605	20189605	T	G	20	18	38	0.47	0.08	24	2	0	BS_A3EV6FXK	chr13:20189605:T:G	-0.38999999999999996	0.10452786291960256	0.0017680365709636886
BS_3CK0QVDX	ATM	chr11	108227860	108227860	A	T	14	20	34	0.59	0.47	89	42	46	BS_H1MNXNHB	chr11:108227860:A:T	-0.12	0.6279406110436	0.3142023249381203
BS_3CK0QVDX	GJB2	chr13	20189547	20189547	C	A	12	19	31	0.61	0.56	75	42	0	BS_H1MNXNHB	chr13:20189547:C:A	-0.04999999999999993	0.805477668396786	0.6700752483866237
BS_3DHNFFV6	ATM	chr11	108284280	108284281	AG	A	15	25	40	0.62	0.88	67	59	8	BS_Z5VJCFNP	chr11:108284280:AG:A	0.26	4.356479586656019	0.003071219181260973
BS_3EZR108Y	TP53	chr17	7675189	7675189	G	C	39	31	70	0.44	0.65	86	56	0	BS_18RH1034	chr17:7675189:G:C	0.21000000000000002	2.3351344326514636	0.010109399554975225
BS_40QCA1MC	RNU6-670P	chr3	10041646	10041646	C	G	15	16	31	0.52	0.26	57	15	42	BS_GS9JCK55	chr3:10041646:C:G	-0.26	0.33936417362894594	0.021353628553246885
BS_40QCA1MC	NF1	chr17	31357308	31357308	C	T	18	25	43	0.58	0.71	68	48	20	BS_GS9JCK55	chr17:31357308:C:T	0.13	1.7193118734516242	0.21928971660481952
BS_4AM9C504	TP53	chr17	7675994	7675994	C	G	13	14	27	0.52	0.8	56	45	11	BS_S791VC80	chr17:7675994:C:G	0.28	3.7298060632483945	0.010239494006391861
BS_4EAVBDKR	GJB2	chr13	20189563	20189563	G	A	27	21	48	0.44	0.65	110	71	0	BS_KAZENYZE	chr13:20189563:G:A	0.21000000000000002	2.327539870205357	0.022094004673685493
BS_4EAVBDKR	GNAS	chr20	58903701	58903701	G	GC	36	6	42	0.14	0.98	59	58	59	BS_KAZENYZE	chr20:58903701:G:GC	0.84	305.24546289870807	5.750205281918383e-20
BS_4EK9WVET	NF1	chr17	31260402	31260402	A	AAGTGATGC	8	19	27	0.7	0.33	78	26	78	BS_J5J0EA7Y	chr17:31260402:A:AAGTGATGC	-0.36999999999999994	0.21395254470504285	0.001337211537944607
BS_4HD33MVB	APC	chr5	112838589	112838589	C	T	25	14	39	0.36	0.6	68	41	26	BS_Y5DA59M3	chr5:112838589:C:T	0.24	2.6855743849813467	0.017164614408342514
BS_4RV40GPD	POLH	chr6	43604663	43604664	AC	A	16	14	30	0.47	0.43	68	29	38	BS_3AERRZQT	chr6:43604663:AC:A	-0.03999999999999998	0.8512391912449349	0.825800250787647
BS_5N2GEGMD	ERCC2	chr19	45352780	45352780	A	AC	12	18	30	0.6	0.52	56	29	56	BS_YH60H2FS	chr19:45352780:A:AC	-0.07999999999999996	0.7188392703734727	0.5030654829465041
BS_63JFFF51	RECQL4	chr8	144512562	144512562	C	G	30	14	44	0.32	0.43	74	32	42	BS_R7YMKNJN	chr8:144512562:C:G	0.10999999999999999	1.6259125559058734	0.24613825552025315
BS_63JFFF51	SLX4	chr16	3591125	3591126	TC	T	18	16	34	0.47	0.4	84	34	49	BS_R7YMKNJN	chr16:3591125:TC:T	-0.06999999999999995	0.7667674979677954	0.5424504474681353
BS_6FD0SW6E	PMS2	chr7	6005918	6005918	C	A	20	19	39	0.49	0.51	78	40	0	BS_VW4XN9Y7	chr7:6005918:C:A	0.020000000000000018	1.1070606896453823	0.8459655425573795
BS_6K3Y2WXF	APC	chr5	112839514	112839514	T	A	14	8	22	0.36	0.45	67	30	0	BS_3P96RT4E	chr5:112839514:T:A	0.09000000000000002	1.4134111368750584	0.6208457398035936
BS_6K3Y2WXF	PKD1	chr16	2086815	2086824	TTTGTGTCCA	T	16	27	43	0.63	0.68	60	41	18	BS_3P96RT4E	chr16:2086815:TTTGTGTCCA:T	0.050000000000000044	1.2756617175289513	0.6736763587857977
BS_6K3Y2WXF	ASXL1	chr20	32429336	32429336	A	G	10	7	17	0.41	0.6	58	35	23	BS_3P96RT4E	chr20:32429336:A:G	0.19	2.150906045231656	0.17790855406503148
BS_6VTM903X	MUTYH	chr1	45331699	45331700	AG	A	20	15	35	0.43	0.43	67	29	35	BS_R1G6SG0K	chr1:45331699:AG:A	0	1.0173732355200495	1
BS_751B2CF8	POLE	chr12	132642548	132642549	AG	A	17	8	25	0.32	0.39	51	20	31	BS_AWDQEKK1	chr12:132642548:AG:A	0.07	1.365352365802411	0.6181952346959558
BS_751B2CF8	BUB1B	chr15	40210185	40210187	ACT	A	20	17	37	0.46	0.54	91	49	42	BS_AWDQEKK1	chr15:40210185:ACT:A	0.08000000000000002	1.369125982333463	0.4414721703139136
BS_7CBZW7P6	RMRP	chr9	35657776	35657776	T	C	19	16	35	0.46	0.11	36	4	0	BS_S0T3CQ97	chr9:35657776:T:C	-0.35000000000000003	0.15267786483804013	0.0014932635690049698
BS_7QH9BCJQ	SUFU	chr10	102504332	102504332	C	G	15	8	23	0.35	0.53	98	52	46	BS_DVQYQSVW	chr10:102504332:C:G	0.18000000000000005	2.1065516481602797	0.16399605178305726
BS_7XEH55CB	TP53	chr17	7675995	7675995	G	C	12	13	25	0.52	0.92	24	22	0	BS_59FR1NC2	chr17:7675995:G:C	0.4	9.67112761876835	0.00361371807528624
BS_85TADN40	ATM	chr11	108251924	108251924	A	G	10	24	34	0.71	0.53	60	32	28	BS_BFDEZK1C	chr11:108251924:A:G	-0.17999999999999994	0.4799361503059901	0.1276123592250661
BS_8782G07F	APC	chr5	112839514	112839514	T	A	11	21	32	0.66	0.3	92	28	0	BS_8H2XX24V	chr5:112839514:T:A	-0.36000000000000004	0.23222094190040163	6.91118413291796e-4
BS_8782G07F	FAH	chr15	80173089	80173089	C	T	11	18	29	0.62	0.64	107	69	38	BS_8H2XX24V	chr15:80173089:C:T	0.020000000000000018	1.1087906207333236	0.8298347557845341
BS_88B4WV6J	GJB2	chr13	20189166	20189166	C	T	20	18	38	0.47	0.67	73	49	24	BS_NHRNZRQV	chr13:20189166:C:T	0.20000000000000007	2.251070882117447	0.0650283001544216
BS_8HZ761SQ	SMARCE1	chr17	40631693	40631693	G	A	4	17	21	0.81	0.49	79	39	0	BS_M18CDDGK	chr17:40631693:G:A	-0.32000000000000006	0.23257805612298144	0.012680964101593938
BS_8HZ761SQ	CHEK2	chr22	28734532	28734532	C	T	6	18	24	0.75	0.57	74	42	32	BS_M18CDDGK	chr22:28734532:C:T	-0.18000000000000005	0.4410306880262372	0.1491583240610251
BS_8Q2EAYJR	CDKN2A	chr9	21974861	21974861	C	A	17	21	38	0.55	0.52	75	39	0	BS_V2MDX7HG	chr9:21974861:C:A	-0.030000000000000027	0.8780038164727535	0.8424745018728034
BS_8Q2EAYJR	ATM	chr11	108289006	108289006	A	AT	16	15	31	0.48	0.47	64	30	64	BS_V2MDX7HG	chr11:108289006:A:AT	-0.010000000000000009	0.9417959646873134	1
BS_8YD46AZB	MIS18BP1	chr14	45198718	45198718	C	T	20	11	31	0.35	0.53	43	23	19	BS_QK61ST4T	chr14:45198718:C:T	0.18000000000000005	2.06987695967029	0.1587102959856127
BS_92SK6DD8	FANCA	chr16	89745026	89745026	T	TC	13	23	36	0.64	0.56	79	44	78	BS_MW6YMRBJ	chr16:89745026:T:TC	-0.07999999999999996	0.712661335537895	0.4244694048095604
BS_938K7FSV	TSC2	chr16	2046131	2046132	TG	T	19	16	35	0.46	0.61	49	30	18	BS_1EQGGHHQ	chr16:2046131:TG:T	0.14999999999999997	1.8607636185432301	0.1865753414989468
BS_95P46VE0	LZTR1	chr22	20982391	20982391	C	CG	16	19	35	0.54	0.32	73	23	72	BS_01DQH017	chr22:20982391:C:CG	-0.22000000000000003	0.39099621233363746	0.034354083979241806
BS_96TV932S	FAH	chr15	80180230	80180230	G	A	22	13	35	0.37	0.5	74	37	0	BS_B6K0N6HS	chr15:80180230:G:A	0.13	1.6841397867472239	0.2244754302986385
BS_98RN7Y9D	TERT	chr5	1278640	1278640	C	T	16	12	28	0.43	0.6	83	50	33	BS_2RJN5Z4W	chr5:1278640:C:T	0.16999999999999998	2.007135220033656	0.12711857371516097
BS_9A5CF1QE	TSC2	chr16	2060655	2060655	G	A	18	19	37	0.51	0.56	87	49	0	BS_DC7XYYG8	chr16:2060655:G:A	0.050000000000000044	1.2196189743103354	0.6944288683037688
BS_9HYDMBBW	BRCA1	chr17	43051107	43051107	C	A	21	21	42	0.5	0.48	73	35	0	BS_AJ0T7DJ7	chr17:43051107:C:A	-0.020000000000000018	0.9217123841871911	0.8487879921199645
BS_9R1ENMBP	WRN	chr8	31111747	31111747	C	T	13	12	25	0.48	0.45	76	34	41	BS_HJ95JNFN	chr8:31111747:C:T	-0.02999999999999997	0.8781300365074629	0.8197933856960347
BS_ACZNJGV3	TSC1	chr9	132902640	132902640	G	A	18	22	40	0.55	0.53	55	29	0	BS_M1YHV93N	chr9:132902640:G:A	-0.020000000000000018	0.9134669505008661	0.8382938745016578
BS_B2AFNXS1	PTPN11	chr12	112472961	112472961	G	T	13	19	32	0.59	0.46	93	43	49	BS_12ZB7R6A	chr12:112472961:G:T	-0.12999999999999995	0.5909454420218679	0.223808262779169
BS_BPDT230W	TSC2	chr16	2062516	2062517	TG	T	22	22	44	0.5	0.86	63	54	9	BS_WEGGXVYA	chr16:2062516:TG:T	0.36	5.886662797849012	8.565789870175556e-5
BS_C8EYP5BV	RECQL4	chr8	144513260	144513269	ACGCCCGGCC	A	17	8	25	0.32	0.35	114	40	74	BS_8TFBNHT0	chr8:144513260:ACGCCCGGCC:A	0.02999999999999997	1.1474873669863308	0.8207693788743484
BS_CFJYJAA3	RAD50	chr5	132609339	132609343	CAAAG	C	74	48	122	0.39	0.42	459	195	263	BS_X0KN4VVW	chr5:132609339:CAAAG:C	0.02999999999999997	1.1384774494750323	0.6057950050000449
BS_CJFTT8ZC	FANCD2	chr3	10043079	10043079	T	TC	19	17	36	0.47	0.48	67	32	66	BS_XKP747AS	chr3:10043079:T:TC	0.010000000000000009	1.0216396439214452	1
BS_CKWQKB3A	NF2	chr22	29671847	29671847	C	T	33	7	40	0.18	0.66	38	25	13	BS_FBP5NZNR	chr22:29671847:C:T	0.48000000000000004	8.764722301973233	2.3362667048854826e-5
BS_CX6SQF8T	EZH2	chr7	148847273	148847273	T	C	12	13	25	0.52	0.4	40	16	0	BS_X1R0N8QS	chr7:148847273:T:C	-0.12	0.6200840125560747	0.4433110516870266
BS_CZGNQ9KQ	APC	chr5	112839514	112839514	T	A	14	26	40	0.65	0.68	69	47	0	BS_Z7R92XX6	chr5:112839514:T:A	0.030000000000000027	1.148856976112746	0.8332930270964019
BS_D48QXYW6	PMS2	chr7	5986933	5986933	A	AT	20	16	36	0.44	0.42	72	30	72	BS_Q6GVRAWK	chr7:5986933:A:AT	-0.020000000000000018	0.893799186739305	0.8379666472109818
BS_D7AKEXHJ	EZH2	chr7	148814129	148814129	G	A	19	14	33	0.42	0.55	56	31	0	BS_KM878Y43	chr7:148814129:G:A	0.13000000000000006	1.6729042488952526	0.2769494493775323
BS_DCEAZ94R	NF1	chr17	31357308	31357308	C	T	18	15	33	0.45	0.58	95	55	40	BS_T1SNKF50	chr17:31357308:C:T	0.12999999999999995	1.6434170797180392	0.2304170801470996
BS_DJ7XB1DM	MUTYH	chr1	45331218	45331221	TTCC	T	20	11	31	0.35	0.41	78	32	46	BS_VQC2PE2B	chr1:45331218:TTCC:T	0.06	1.2621230332920588	0.6672763895211813
BS_E0H9DHVX	MSH6	chr2	47783495	47783495	T	G	11	2	13	0.15	0.05	83	4	0	BS_70FKSKM9	chr2:47783495:T:G	-0.09999999999999999	0.28391731815538346	0.18570122749504522
BS_E1EPMTD5	FANCI	chr15	89281212	89281225	AAAGTTGTTCTTCT	A	18	24	42	0.57	0.44	45	20	25	BS_4ZKN0WGS	chr15:89281212:AAAGTTGTTCTTCT:A	-0.12999999999999995	0.6035588877791862	0.2858978422702497
BS_E1SWA20C	AC004223.3	chr17	35101206	35101206	G	A	19	26	45	0.58	0.51	81	41	0	BS_WCNPE0AC	chr17:35101206:G:A	-0.06999999999999995	0.7507653267268407	0.4622402875892423
BS_EE7684YB	VCPKMT	chr14	50120301	50120302	AC	A	6	11	17	0.65	0.54	82	44	35	BS_P6NWC51S	chr14:50120301:AC:A	-0.10999999999999999	0.6344631965006666	0.43638952873455594
BS_EM975DQ6	TSC2	chr16	2079197	2079197	G	A	10	23	33	0.7	0.52	77	40	0	BS_1135HC0V	chr16:2079197:G:A	-0.17999999999999994	0.47322661688185474	0.09635305629319918
BS_ESFA9S69	MSH3	chr5	80778719	80778719	G	A	16	17	33	0.52	0.6	127	76	0	BS_PZDTK87A	chr5:80778719:G:A	0.07999999999999996	1.3994963071774411	0.43140469470605675
BS_ESFA9S69	TSC1	chr9	132903785	132903785	G	A	13	25	38	0.66	0.45	108	49	0	BS_PZDTK87A	chr9:132903785:G:A	-0.21000000000000002	0.43436536919773444	0.03811725515684809
BS_ETAATG3J	LZTR1	chr22	20994614	20994614	C	T	17	17	34	0.5	0.76	41	31	10	BS_K3PPH522	chr22:20994614:C:T	0.26	3.050708943729192	0.029911227830471517
BS_EVZW31ZP	ATM	chr11	108284280	108284281	AG	A	21	10	31	0.32	0.48	61	29	32	BS_02W5H7K5	chr11:108284280:AG:A	0.15999999999999998	1.889968883166611	0.1860160364524468
BS_EXKVBK51	AC116366.3	chr5	132589675	132589682	TGAGATAA	T	23	15	38	0.39	0.37	68	25	43	BS_376Q9QKG	chr5:132589675:TGAGATAA:T	-0.020000000000000018	0.8924460535113053	0.8360182792092491
BS_F0K8DMTS	NF1	chr17	31170002	31170002	G	A	14	24	38	0.63	0.42	57	24	0	BS_947CK40E	chr17:31170002:G:A	-0.21000000000000002	0.4281877388724592	0.05968064440106575
BS_F69GWP99	MUTYH	chr1	45332445	45332445	C	T	20	19	39	0.49	0.45	110	50	59	BS_2JDVY4F7	chr1:45332445:C:T	-0.03999999999999998	0.877968407352797	0.8519591027739171
BS_FHDR7FJE	COL7A1	chr3	48571242	48571242	C	T	11	8	19	0.42	0.35	48	17	31	BS_WP9J88EB	chr3:48571242:C:T	-0.07	0.7572878565992038	0.7799052336815173
BS_FPB0JGKX	NA	chr22	20987555	20987555	C	T	13	17	33	0.57	0.94	48	45	3	BS_5WK2KXYW	chr22:20987555:C:T	0.37	11.058789962801686	1.30416780624109e-4
BS_G113MX63	MSH6	chr2	47800909	47800909	C	T	21	22	43	0.51	0.45	85	38	47	BS_YZ0P5E8H	chr2:47800909:C:T	-0.06	0.7733393171067298	0.5746208147941836
BS_GCNH4CC0	PTEN	chr10	87933142	87933142	A	G	8	16	24	0.67	0.44	77	34	43	BS_HPMX6CT4	chr10:87933142:A:G	-0.23000000000000004	0.39902181248540336	0.06428532046795177
BS_GERET530	SMARCB1	chr22	23791803	23791803	C	G	14	15	29	0.52	0.95	93	88	4	BS_ZAT0XJE5	chr22:23791803:C:G	0.42999999999999994	15.849750964805473	5.204398052163516e-7
BS_GEYA8N9C	BRCA2	chr13	32340592	32340592	G	GT	27	14	41	0.34	0.45	101	45	101	BS_AGAW7M7W	chr13:32340592:G:GT	0.10999999999999999	1.5450175539073876	0.26736330401820313
BS_GJWAV3E5	NF1	chr17	31343008	31343008	G	C	23	18	41	0.44	0.85	53	45	0	BS_A1DV9T7G	chr17:31343008:G:C	0.41	7.016711175313424	4.706933168449519e-5
BS_GKFY1GX4	EDNRB	chr13	77901181	77901181	C	A	18	24	42	0.57	0.49	86	42	0	BS_8YQGSMDK	chr13:77901181:C:A	-0.07999999999999996	0.7177920194110687	0.45228029487350496
BS_GSTHVZFR	GBA	chr1	155235727	155235727	C	G	38	17	55	0.31	0.28	65	18	46	BS_J6VRW67C	chr1:155235727:C:G	-0.02999999999999997	0.857185806906875	0.8404915556309374
BS_HHJZ05XC	SOS1	chr2	39051253	39051253	A	G	15	14	29	0.48	0.53	75	40	34	BS_93BV8AY9	chr2:39051253:A:G	0.050000000000000044	1.2220955738648693	0.6676925787087459
BS_HHJZ05XC	NF2	chr22	29661313	29661313	C	T	15	13	28	0.46	0.89	35	31	4	BS_93BV8AY9	chr22:29661313:C:T	0.43	8.591882032878605	6.555260029705745e-4
BS_HJ99CJ2R	TP53	chr17	7674887	7674887	C	T	13	8	21	0.38	0.97	65	63	2	BS_9GJHMA3J	chr17:7674887:C:T	0.59	47.11149153127651	1.9779239093533737e-8
BS_HNWNZFHA	TP53	chr17	7673786	7673787	AG	A	16	18	34	0.53	0.81	27	22	5	BS_XEVMEYFS	chr17:7673786:AG:A	0.28	3.823179304023918	0.02967657210533536
BS_HVCBQ58H	GBA	chr1	155240629	155240629	C	T	24	24	48	0.5	0.49	91	45	46	BS_0S617SMM	chr1:155240629:C:T	-0.010000000000000009	0.9784097106972023	1
BS_J5596HKA	NF1	chr17	31356506	31356507	TA	T	24	13	37	0.35	0.59	54	32	22	BS_XVNNWN2Z	chr17:31356506:TA:T	0.24	2.6553139841734534	0.03283370268665876
BS_J7WQHJDQ	CHEK2	chr22	28734444	28734445	CA	C	15	20	35	0.57	0.46	83	38	43	BS_6Y7FX7QJ	chr22:28734444:CA:C	-0.10999999999999993	0.6358177124919299	0.3151358827094885
BS_J996NDK4	PTCH2	chr1	44826289	44826290	AG	A	14	15	29	0.52	0.48	86	41	42	BS_R913E3VB	chr1:44826289:AG:A	-0.040000000000000036	0.8515736257381746	0.830407282514722
BS_J9M165VZ	ERCC4	chr16	13935697	13935697	C	T	17	14	31	0.45	0.52	88	46	42	BS_8SETK1J4	chr16:13935697:C:T	0.07	1.3267321454530565	0.5361353454646645
BS_JJNCV530	NF1	chr17	31232852	31232852	A	G	20	14	34	0.41	0.76	59	45	14	BS_8226HD4X	chr17:31232852:A:G	0.35000000000000003	4.507405498053527	0.0015051944567844773
BS_JNRAKEMV	PTCH1	chr9	95480550	95480550	A	T	9	9	18	0.5	0.92	38	35	3	BS_PYVPKH11	chr9:95480550:A:T	0.42000000000000004	11.011745821087997	7.918361172685443e-4
BS_JTSWHVNR	NF2	chr22	29655669	29655669	C	T	12	17	29	0.59	0.48	60	29	31	BS_VQEPFE1P	chr22:29655669:C:T	-0.10999999999999999	0.6634453425670009	0.37733933739617964
BS_JWETX0BH	AC116366.3	chr5	132594950	132594950	C	G	18	25	43	0.58	0.19	84	16	67	BS_79NQJZ09	chr5:132594950:C:G	-0.38999999999999996	0.17226384273913942	1.6556977820800026e-5
BS_JZAENWRM	MIR559	chr2	47378939	47378939	A	G	19	18	37	0.49	0.28	72	20	50	BS_FXDY881S	chr2:47378939:A:G	-0.20999999999999996	0.4095764511882227	0.03577279192781367
BS_JZKV3CQ1	FAH	chr15	80180230	80180230	G	A	23	13	36	0.36	0.67	61	41	0	BS_5S8VXASX	chr15:80180230:G:A	0.31000000000000005	3.5753214354836524	0.0034254887910309074
BS_K4XGEGW0	TP53	chr17	7675994	7675994	C	A	9	9	18	0.5	0.85	47	40	0	BS_80078QDG	chr17:7675994:C:A	0.35	5.5255063746776925	0.00784379816171209
BS_K65XZGKM	COL7A1	chr3	48584366	48584367	CA	C	15	22	37	0.59	0.56	66	37	28	BS_P3P96WCD	chr3:48584366:CA:C	-0.029999999999999916	0.8710822787054958	0.8363760824187362
BS_K7A7QW76	NF1	chr17	31261733	31261733	C	T	9	12	21	0.57	0.96	48	46	2	BS_2NN6ME5A	chr17:31261733:C:T	0.39	16.33081412509098	1.9126775572789932e-4
BS_KN6FCN12	FANCA	chr16	89746848	89746848	T	C	90	85	175	0.49	0.62	176	109	0	BS_JWDK21ED	chr16:89746848:T:C	0.13	1.719896364939681	0.013593559761269306
BS_MDHYHEBH	AC116366.3	chr5	132594868	132594868	G	T	21	17	38	0.45	0.47	78	37	41	BS_QZT3SPY7	chr5:132594868:G:T	0.019999999999999962	1.1137340545554832	0.844235409642485
BS_MKYS4YRC	MUTYH	chr1	45332795	45332795	G	A	14	14	28	0.5	0.45	84	38	0	BS_62XRDTM6	chr1:45332795:G:A	-0.04999999999999999	0.8275067256347742	0.6691214308379223
BS_MN2FX68Z	GBA	chr1	155240629	155240629	C	T	16	9	25	0.36	0.41	75	31	43	BS_DGG7YE8R	chr1:155240629:C:T	0.04999999999999999	1.2497367825863024	0.8140744453684996
BS_MN2FX68Z	PTCH1	chr9	95506600	95506600	C	G	16	14	30	0.47	0.97	102	99	3	BS_DGG7YE8R	chr9:95506600:C:G	0.5	35.957487473807944	6.212202899853853e-10
BS_N0X0S3JD	TSC1	chr9	132906080	132906080	G	A	17	8	25	0.32	0.8	75	60	0	BS_3A0CJMRH	chr9:132906080:G:A	0.48000000000000004	8.26924806818141	3.0207095976176405e-5
BS_N56BGDK6	FANCG	chr9	35075739	35075739	A	AG	12	7	19	0.37	0.27	51	14	44	BS_XGVSX8BX	chr9:35075739:A:AG	-0.09999999999999998	0.6528253738703516	0.5590995937988247
BS_NTV9Z7SE	RECQL4	chr8	144513260	144513269	ACGCCCGGCC	A	19	10	29	0.34	0.28	99	28	70	BS_9BN45DFK	chr8:144513260:ACGCCCGGCC:A	-0.06	0.751015288181269	0.6443382744417646
BS_P3W89XQY	NF1	chr17	31233085	31233087	GAC	G	9	15	24	0.62	0.52	71	37	34	BS_S88G7BXH	chr17:31233085:GAC:G	-0.09999999999999998	0.6558594040114245	0.4784563660713948
BS_PAYW4RCK	ERCC2	chr19	45364274	45364274	C	T	12	18	30	0.6	0.6	62	37	25	BS_D3ZV6MMY	chr19:45364274:C:T	0	0.9868092232379909	1
BS_PCKWEEVT	DDX41	chr5	177516755	177516755	A	C	23	7	30	0.23	0.01	89	1	88	BS_K3Y06EKR	chr5:177516755:A:C	-0.22	0.03862204250002284	2.384959497482116e-4
BS_PCKWEEVT	GJB2	chr13	20189414	20189415	CA	C	18	13	31	0.42	0.42	62	26	35	BS_K3Y06EKR	chr13:20189414:CA:C	0	1	1
BS_PF6TP3FX	PMS2	chr7	5997387	5997387	T	TCTTCACACAC	13	6	19	0.32	0.34	91	31	90	BS_B3RH9V17	chr7:5997387:T:TCTTCACACAC	0.020000000000000018	1.1183395413024568	1
BS_PF6TP3FX	PMS2	chr7	5997388	5997393	AGGGGG	A	14	7	21	0.33	0.42	77	32	44	BS_B3RH9V17	chr7:5997388:AGGGGG:A	0.08999999999999997	1.4172216326444207	0.6173977255729621
BS_PF7546KW	RECQL4	chr8	144514982	144514983	CA	C	18	24	42	0.57	0.39	64	25	38	BS_5NAKYS1S	chr8:144514982:CA:C	-0.17999999999999994	0.48418476428092055	0.0764416319900173
BS_PJK0M1X0	TSC2	chr16	2079615	2079615	C	T	17	17	34	0.5	0.7	97	68	29	BS_B1X2SB4P	chr16:2079615:C:T	0.19999999999999996	2.328534253341292	0.03936047203948289
BS_PKKNB5PY	FANCA	chr16	89761950	89761950	G	A	19	32	51	0.63	1	46	46	0	BS_N4B3WB8W	chr16:89761950:G:A	0.37	Inf	7.534629150419072e-7
BS_Q1SPJ467	NBN	chr8	89971213	89971218	ATTTGT	A	24	20	44	0.45	0.46	79	36	43	BS_8WJR4AA3	chr8:89971213:ATTTGT:A	0.010000000000000009	1.0046134951332866	1
BS_Q6K6BVTF	NF1	chr17	31343097	31343103	CTAACTT	C	20	17	37	0.46	0.47	51	24	27	BS_1RFBH1SP	chr17:31343097:CTAACTT:C	0.009999999999999953	1.0452446971132192	0.9999999999999999
BS_Q7NF95N0	ATM	chr11	108315911	108315911	G	A	20	21	41	0.51	0.33	80	26	0	BS_8W0FNBWF	chr11:108315911:G:A	-0.18	0.4616515947916895	0.05138080237276348
BS_Q80JX5G6	HMBS	chr11	119091515	119091515	C	T	21	15	36	0.42	0.62	68	42	26	BS_Q50P97Y0	chr11:119091515:C:T	0.2	2.2432984552623774	0.06328226175716681
BS_QG3PYXB4	PMS2	chr7	5987389	5987389	G	C	25	15	40	0.38	0.41	71	29	0	BS_AR2BH0Z4	chr7:5987389:G:C	0.02999999999999997	1.1493423089689565	0.8404108317178706
BS_QG3PYXB4	BRCA1	chr17	43115735	43115736	AT	A	20	21	41	0.51	0.46	74	34	39	BS_AR2BH0Z4	chr17:43115735:AT:A	-0.04999999999999999	0.8110221580104173	0.6972136651266081
BS_QGEEVNAS	ERCC2	chr19	45352235	45352235	G	A	13	25	38	0.66	0.55	56	31	0	BS_2SG8JNMB	chr19:45352235:G:A	-0.10999999999999999	0.647821213383482	0.392879523541355
BS_QMBK2FV7	AC004223.3	chr17	35107380	35107380	T	TA	7	12	19	0.63	0.56	50	28	50	BS_1S2BHJ8K	chr17:35107380:T:TA	-0.06999999999999995	0.7456082190150549	0.7854703060997653
BS_QX8PTX5X	NF1	chr17	31249121	31249121	T	A	16	17	33	0.52	0.68	62	42	0	BS_PEFRDKDZ	chr17:31249121:T:A	0.16000000000000003	1.9618227279183365	0.12831909335017633
BS_R7TZRSZT	CDKN2A	chr9	21974682	21974682	A	G	12	26	38	0.68	0.45	31	14	17	BS_KXGJ1HMG	chr9:21974682:A:G	-0.23000000000000004	0.38567982275791934	0.0853611650203669
BS_RG2CTN65	BRIP1	chr17	61716051	61716051	G	A	26	9	35	0.26	0.5	100	50	0	BS_MZJJRDZF	chr17:61716051:G:A	0.24	2.8668531724155963	0.017037409891782013
BS_S588W9V2	RMRP	chr9	35658017	35658017	C	CCACGTCCTCAGCTTCA	11	10	21	0.48	0.31	58	18	58	BS_93B38HPS	chr9:35658017:C:CCACGTCCTCAGCTTCA	-0.16999999999999998	0.4996682729464215	0.19271666976337964
BS_S6EXG9N9	NF1	chr17	31155997	31155998	AG	A	17	10	27	0.37	0.57	63	36	24	BS_Z1BBZ01F	chr17:31155997:AG:A	0.19999999999999996	2.2458027250873687	0.10788202185277086
BS_SF02KBCG	MUTYH	chr1	45331699	45331700	AG	A	21	14	35	0.4	0.68	53	36	17	BS_CSY11X7E	chr1:45331699:AG:A	0.28	3.1322805956988242	0.015150347050862519
BS_SG7EPZ4W	CTNNA1	chr5	138782024	138782024	A	AT	20	20	40	0.5	0.43	69	30	69	BS_F4D169Q7	chr5:138782024:A:AT	-0.07	0.771103479248276	0.5535826902092017
BS_SGS26NXP	MSH2	chr2	47475171	47475171	G	C	24	22	46	0.48	0.82	79	65	0	BS_85Q5P8GF	chr2:47475171:G:C	0.33999999999999997	4.989622529330928	9.749828491955211e-5
BS_SP3ND4W3	GJB2	chr13	20189605	20189605	T	G	29	15	44	0.34	0.44	73	32	0	BS_58X7SKJS	chr13:20189605:T:G	0.09999999999999998	1.5036555496082196	0.33471740967166724
BS_SP886CE6	CHEK2	chr22	28695219	28695219	G	A	22	16	38	0.42	0.42	71	30	0	BS_D09VWF8H	chr22:28695219:G:A	0	1.0060417961358596	1
BS_SZYRB89G	SMARCB1	chr22	23825375	23825376	CG	C	30	17	47	0.36	0.72	81	58	23	BS_19EJ85F8	chr22:23825375:CG:C	0.36	4.392780867191644	1.632816988174031e-4
BS_T3FD64Z7	MUTYH	chr1	45332445	45332445	C	T	15	13	28	0.46	0.48	84	40	44	BS_KSRYKCDE	chr1:45332445:C:T	0.019999999999999962	1.0485245027703507	0.9999999999999999
BS_T3FD64Z7	NF1	chr17	31350248	31350249	CT	C	14	11	25	0.44	0.54	71	38	33	BS_KSRYKCDE	chr17:31350248:CT:C	0.10000000000000003	1.4596962200725996	0.4883622143916561
BS_T3VJQSYM	NF1	chr17	31326172	31326173	AC	A	13	16	29	0.55	0.6	67	40	27	BS_ZHJFX6C9	chr17:31326172:AC:A	0.04999999999999993	1.2013570239300115	0.8219673771150402
BS_T5WVTGV8	MPL	chr1	43346630	43346630	G	C	14	26	40	0.65	0.64	55	35	0	BS_3DYRAZE7	chr1:43346630:G:C	-0.010000000000000009	0.9428686484052716	1
BS_T77MXWTX	BRCA2	chr13	32362521	32362521	A	G	12	15	27	0.56	0.49	75	37	38	BS_F064HMTP	chr13:32362521:A:G	-0.07000000000000006	0.780861609616917	0.6562873206690027
BS_TARPGT44	TSC1	chr9	132921367	132921367	G	A	21	23	44	0.52	0.95	40	38	0	BS_W9P0PFDH	chr9:132921367:G:A	0.42999999999999994	16.793344348647647	7.0684375262260315e-6
BS_TE01WW4M	FANCC	chr9	95117318	95117318	G	A	15	21	36	0.58	0.47	86	40	0	BS_1JMTTKMK	chr9:95117318:G:A	-0.10999999999999999	0.6235714211425647	0.32098007287720204
BS_TG80SF4Z	RMRP	chr9	35658029	35658029	C	CTTCACAGA	12	12	24	0.5	0.23	81	19	77	BS_MFTAVQ5C	chr9:35658029:C:CTTCACAGA	-0.27	0.3104554241301937	0.0204804418441413
BS_THDBV4G0	ELP1	chr9	108912363	108912365	GAC	G	23	14	37	0.38	0.49	75	37	38	BS_B9QP40ER	chr9:108912363:GAC:G	0.10999999999999999	1.5929126942295402	0.3142559535785799
BS_THDBV4G0	BRIP1	chr17	61801348	61801348	C	G	18	18	36	0.5	0.17	78	13	65	BS_B9QP40ER	chr17:61801348:C:G	-0.32999999999999996	0.20339028796891057	4.967685072795408e-4
BS_TQYACCGG	PTCH1	chr9	95461919	95461919	T	TC	19	30	49	0.61	0.91	47	43	47	BS_PVZJCXS1	chr9:95461919:T:TC	0.30000000000000004	6.675292166698084	6.454002867683217e-4
BS_TV8HD883	RECQL4	chr8	144513610	144513610	G	A	17	17	34	0.5	0.48	93	45	0	BS_9M49SGAQ	chr8:144513610:G:A	-0.020000000000000018	0.9379956895492808	1
BS_V733WCVK	ERCC2	chr19	45364832	45364836	CCTCA	C	12	21	33	0.64	0.52	48	25	23	BS_5V2XCW17	chr19:45364832:CCTCA:C	-0.12	0.6247991979136727	0.3645041623703951
BS_VN983YRH	BLM	chr15	90765319	90765319	C	T	16	15	31	0.48	0.47	77	36	40	BS_CPYV7AHD	chr15:90765319:C:T	-0.010000000000000009	0.9371673399930268	1
BS_VNBX1SEV	BRIP1	chr17	61716051	61716051	G	A	18	23	41	0.56	0.47	87	41	0	BS_SK4H5MJQ	chr17:61716051:G:A	-0.09000000000000008	0.6995256252448915	0.4488431484763097
BS_W75GCHPW	TERT	chr5	1294549	1294549	C	CG	20	9	29	0.31	0.04	76	3	76	BS_SWHQ8FDW	chr5:1294549:C:CG	-0.27	0.09407560085931851	3.913738768706381e-4
BS_W75GCHPW	TP53	chr17	7675232	7675232	G	A	17	7	24	0.29	0.9	82	74	0	BS_SWHQ8FDW	chr17:7675232:G:A	0.6100000000000001	21.370388980583396	1.009006601938465e-8
BS_WCQW99V3	MPL	chr1	43340042	43340042	C	T	17	12	29	0.41	0.56	88	49	39	BS_MWXDJFWW	chr1:43340042:C:T	0.15000000000000008	1.7711166745566693	0.20383441382406592
BS_WMVYQREN	MSH3	chr5	80665358	80665358	C	T	25	25	50	0.5	0.91	35	32	3	BS_JB3J82ZK	chr5:80665358:C:T	0.41000000000000003	10.382306136949477	5.090563335047327e-5
BS_WMVYQREN	GJB2	chr13	20188950	20188950	C	T	14	19	33	0.58	0.55	75	41	34	BS_JB3J82ZK	chr13:20188950:C:T	-0.029999999999999916	0.889516124771909	0.8355332717160047
BS_WP9M8J6W	AC004223.3	chr17	35119114	35119114	G	GTT	27	14	41	0.34	0.5	84	42	82	BS_BD4RQ1G0	chr17:35119114:G:GTT	0.15999999999999998	1.918504537516939	0.1254101230997237
BS_XCA92FF3	SLX4	chr16	3591038	3591039	TC	T	15	23	38	0.61	0.5	86	43	41	BS_NJV6A585	chr16:3591038:TC:T	-0.10999999999999999	0.6544326044787266	0.33114502689510716
BS_XCA92FF3	NF1	chr17	31182563	31182564	TA	T	22	24	46	0.52	0.55	82	45	37	BS_NJV6A585	chr17:31182563:TA:T	0.030000000000000027	1.1139151643909095	0.8538975898993977
BS_XCKDRRYT	BAP1	chr3	52404529	52404529	G	A	14	14	28	0.5	0.94	49	46	3	BS_MW74GF38	chr3:52404529:G:A	0.43999999999999995	14.670740721376536	1.5995749991669665e-5
BS_XHT3F34T	TP53	chr17	7675145	7675158	CGGGTGCCGGGCGG	C	32	17	49	0.35	0.42	57	24	33	BS_G9MQM1KK	chr17:7675145:CGGGTGCCGGGCGG:C	0.07	1.364914761784817	0.5488635822233242
BS_XKHY9A6D	BRCA2	chr13	32380043	32380043	C	T	15	12	27	0.44	0.42	52	22	30	BS_3BMGF6GN	chr13:32380043:C:T	-0.020000000000000018	0.9176798341468582	1
BS_XN449RAJ	ATM	chr11	108241292	108241292	A	G	19	16	35	0.46	0.46	79	36	41	BS_CGCNC41M	chr11:108241292:A:G	0	0.9942364105140298	1
BS_XQ0Y2PMV	CHEK2	chr22	28709998	28710002	ATACT	A	10	27	37	0.73	0.5	60	30	30	BS_MW63FCZC	chr22:28709998:ATACT:A	-0.22999999999999998	0.37420357563662476	0.0338716544670948
BS_XR81Q21W	NF1	chr17	31206257	31206257	G	A	12	15	27	0.56	0.59	54	32	0	BS_6Z213H2V	chr17:31206257:G:A	0.029999999999999916	1.1614462710068716	0.8135215215624696
BS_Y2Z06EDG	SUFU	chr10	102592655	102592655	C	CT	7	12	19	0.63	0.94	66	62	65	BS_3J4T2YYW	chr10:102592655:C:CT	0.30999999999999994	8.707864925942715	0.0018738326776282879
BS_YCT0FK91	FANCA	chr16	89744977	89744980	CCTT	C	15	21	36	0.58	0.5	70	35	34	BS_0RF0G9SQ	chr16:89744977:CCTT:C	-0.07999999999999996	0.7165655683117633	0.5380656020109726
BS_YR1X1SSH	FAH	chr15	80168263	80168263	G	T	18	7	25	0.28	0.38	76	29	46	BS_GMQZNQH8	chr15:80168263:G:T	0.09999999999999998	1.5796233695003021	0.47177550885840663
BS_Z6GF2TDX	TSC2	chr16	2080179	2080179	C	T	22	20	42	0.48	0.54	81	44	36	BS_5Y2Q63Y4	chr16:2080179:C:T	0.06000000000000005	1.3052296094053226	0.5688921488380205
BS_Z82320N1	ERCC4	chr16	13947991	13947991	C	T	16	22	38	0.58	0.39	79	31	46	BS_RCAZ62J7	chr16:13947991:C:T	-0.18999999999999995	0.4728224379500534	0.0746535644838395
BS_ZH666SJW	GJB2	chr13	20189299	20189299	C	T	16	20	36	0.56	0.5	64	32	32	BS_5BMNK8SY	chr13:20189299:C:T	-0.06000000000000005	0.801792459510291	0.6783181444602825
BS_ZM9EYYDT	TSC2	chr16	2070571	2070571	G	A	14	17	31	0.55	0.71	65	46	0	BS_01Y5F4PN	chr16:2070571:G:A	0.15999999999999992	1.978841333589035	0.16807025683390941
BS_ZMW21B7R	ERCC2	chr19	45357328	45357329	TG	T	23	19	42	0.45	0.44	62	27	35	BS_SMCPASF0	chr19:45357328:TG:T	-0.010000000000000009	0.9344504580001444	1
BS_ZP36WDVS	ERCC3	chr2	127272934	127272935	CT	C	15	16	31	0.52	0.44	73	32	40	BS_XJZQA3AP	chr2:127272934:CT:C	-0.08000000000000002	0.7339349412994522	0.5226002808777768
BS_ZP36WDVS	C11orf65	chr11	108331884	108331893	CTCTAGAATT	C	21	21	42	0.5	0.39	72	28	44	BS_XJZQA3AP	chr11:108331884:CTCTAGAATT:C	-0.10999999999999999	0.6389502777093882	0.32693492704492966
BS_ZQY1P7NR	NF1	chr17	31338739	31338739	C	A	15	19	34	0.56	0.52	88	46	0	BS_CDKC1E2B	chr17:31338739:C:A	-0.040000000000000036	0.8656923386437366	0.8400642365230242
BS_ZVFTWY6Y	NF2	chr22	29642254	29642255	TG	T	16	25	41	0.61	0.89	65	58	7	BS_NS8G0465	chr22:29642254:TG:T	0.28	5.210159612204565	0.00125584826978539
BS_ZVXHWM3N	POLE	chr12	132677419	132677419	G	A	13	20	33	0.61	0.47	58	27	0	BS_MHT5C2AP	chr12:132677419:G:A	-0.14	0.5696962172564036	0.27538418634326806
BS_ZY319KJ4	C11orf65	chr11	108330308	108330308	G	GA	22	23	45	0.51	0.49	109	53	109	BS_W2QCHQ7E	chr11:108330308:G:GA	-0.020000000000000018	0.9058656545371271	0.859851991784698
