hallmark	repair_score	ctrl_score	score_diff	wilcox_stat	pvalue
HALLMARK_ADIPOGENESIS	-0.17157594285714284	-0.016149778866666666	-0.15542616399047618	103	0.15060246115097292
HALLMARK_ALLOGRAFT_REJECTION	-0.20759919728571427	-0.07474678051111111	-0.13285241677460316	108	0.1933750501552646
HALLMARK_ANDROGEN_RESPONSE	-0.11157525714285715	-0.031713364377777775	-0.07986189276507938	140	0.6553585705256273
HALLMARK_ANGIOGENESIS	-0.20492976514285716	-0.07459979217777778	-0.13032997296507937	118	0.3028233452350556
HALLMARK_APICAL_JUNCTION	-0.16486541828571427	-0.036746266533333335	-0.12811915175238092	98	0.11515587448955247
HALLMARK_APICAL_SURFACE	-0.13259982	-0.08572447837777777	-0.04687534162222223	122	0.3558515422108502
HALLMARK_APOPTOSIS	-0.17841060985714285	-0.045437665800000006	-0.13297294405714286	114	0.25510532755050364
HALLMARK_BILE_ACID_METABOLISM	-0.19336157542857144	-0.04975679277777778	-0.14360478265079366	83	0.04559940250205255
HALLMARK_CHOLESTEROL_HOMEOSTASIS	-0.16459607357142855	-0.022037687755555556	-0.142558385815873	110	0.2126600408896214
HALLMARK_COAGULATION	-0.17225838785714287	-0.05767011084444444	-0.11458827701269843	120	0.32867561099726317
HALLMARK_COMPLEMENT	-0.15378713342857142	-0.03844000871111111	-0.11534712471746031	119	0.3155834126150283
HALLMARK_DNA_REPAIR	-0.06963778128571428	0.11477320737777777	-0.18441098866349204	105	0.1667988891991722
HALLMARK_E2F_TARGETS	0.16968963985714286	0.2391002216888889	-0.06941058183174603	132	0.5108697296608817
HALLMARK_EPITHELIAL_MESENCHYMAL_TRANSITION	-0.24802325585714285	-0.08575373124444445	-0.1622695246126984	111	0.22278294296441986
HALLMARK_ESTROGEN_RESPONSE_EARLY	-0.15212477742857142	-0.07770734862222223	-0.07441742880634919	119	0.3155834126150283
HALLMARK_ESTROGEN_RESPONSE_LATE	-0.17519167014285714	-0.07427815237777778	-0.10091351776507936	113	0.2440033737824455
HALLMARK_FATTY_ACID_METABOLISM	-0.14662225442857144	0.009738602866666668	-0.1563608572952381	101	0.13557980083800406
HALLMARK_G2M_CHECKPOINT	0.18119377471428572	0.2363695563777778	-0.055175781663492074	142	0.6938073720913686
HALLMARK_GLYCOLYSIS	-0.08889921957142857	0.040854623888888886	-0.12975384346031746	116	0.2783003808511237
HALLMARK_HEDGEHOG_SIGNALING	-0.08538814785714285	0.0054141636444444445	-0.0908023115015873	113	0.2440033737824455
HALLMARK_HEME_METABOLISM	-0.10684662057142857	9.324869777777779e-4	-0.10777910754920635	112	0.2332300229563113
HALLMARK_HYPOXIA	-0.11510374928571429	-0.021179453044444446	-0.09392429624126984	121	0.3420986846314703
HALLMARK_IL2_STAT5_SIGNALING	-0.14954949199999998	-0.04878084068888889	-0.1007686513111111	118	0.3028233452350556
HALLMARK_IL6_JAK_STAT3_SIGNALING	-0.19138408871428572	-0.050361124888888886	-0.14102296382539684	120	0.32867561099726317
HALLMARK_INFLAMMATORY_RESPONSE	-0.1642533377142857	-0.0693033498888889	-0.09494998782539682	116	0.2783003808511237
HALLMARK_INTERFERON_ALPHA_RESPONSE	-0.19644902371428571	0.03422591271111111	-0.23067493642539683	104	0.15855158472696704
HALLMARK_INTERFERON_GAMMA_RESPONSE	-0.20960386828571428	-0.008245497644444441	-0.20135837064126985	107	0.18420644355372554
HALLMARK_KRAS_SIGNALING_DN	-0.09157557428571428	-0.07450470633333334	-0.01707086795238094	146	0.7729208512551824
HALLMARK_KRAS_SIGNALING_UP	-0.11953968714285715	-0.022935158955555555	-0.09660452818730159	124	0.38433829733416186
HALLMARK_MITOTIC_SPINDLE	0.12148582771428572	0.14036764264444446	-0.01888181493015874	154	0.9373091035318278
HALLMARK_MTORC1_SIGNALING	-0.011323755	0.09231095502222222	-0.10363471002222223	136	0.5811038284238481
HALLMARK_MYC_TARGETS_V1	0.01787861528571429	0.16245352433333335	-0.14457490904761905	126	0.41411544052617144
HALLMARK_MYC_TARGETS_V2	0.09107918785714286	0.17154124175555555	-0.08046205389841268	143	0.713325648340885
HALLMARK_MYOGENESIS	-0.16918596	-0.07587092657777778	-0.09331503342222222	122	0.3558515422108502
HALLMARK_NOTCH_SIGNALING	-0.04408042642857142	0.13330257202222223	-0.17738299845079364	90	0.07195683866658455
HALLMARK_OXIDATIVE_PHOSPHORYLATION	-0.22109524942857142	0.04429122748888889	-0.2653864769174603	95	0.09712778514949709
HALLMARK_P53_PATHWAY	-0.18067012600000001	-0.054303644222222225	-0.1263664817777778	109	0.20285834179968157
HALLMARK_PANCREAS_BETA_CELLS	0.04907563214285715	0.03542713962222222	0.01364849252063493	168	0.7930932089622302
HALLMARK_PEROXISOME	-0.11834489657142858	3.300224666666649e-4	-0.11867491903809524	119	0.3155834126150283
HALLMARK_PI3K_AKT_MTOR_SIGNALING	-0.06008259214285715	0.050789464533333335	-0.11087205667619049	126	0.41411544052617144
HALLMARK_PROTEIN_SECRETION	-0.04269437342857142	0.06790357117777777	-0.1105979446063492	132	0.5108697296608817
HALLMARK_REACTIVE_OXIGEN_SPECIES_PATHWAY	-0.090474863	-0.0018100407999999983	-0.088664822200000007	128	0.445154866899439
HALLMARK_SPERMATOGENESIS	0.027891250428571428	0.014251649577777777	0.01363960085079365	169	0.7729208512551824
HALLMARK_TGF_BETA_SIGNALING	-0.1405071257142857	-0.006193383022222221	-0.13431374269206348	108	0.1933750501552646
HALLMARK_TNFA_SIGNALING_VIA_NFKB	-0.14911215328571428	-0.05406979671111111	-0.09504235657460317	120	0.32867561099726317
HALLMARK_UNFOLDED_PROTEIN_RESPONSE	-0.03309068542857143	0.09022098657777777	-0.12331167200634921	131	0.49400036895139476
HALLMARK_UV_RESPONSE_DN	-0.12154760957142857	-0.05468792035555556	-0.06685968921587301	135	0.5631468833174771
HALLMARK_UV_RESPONSE_UP	-0.057293956142857136	0.04936031857777778	-0.1066542747206349	130	0.4774208324189279
HALLMARK_WNT_BETA_CATENIN_SIGNALING	-0.09598746885714285	0.044416327444444445	-0.14040379630158728	105	0.1667988891991722
HALLMARK_XENOBIOTIC_METABOLISM	-0.1789197462857143	-0.031071492444444442	-0.14784825384126987	91	0.07653313655925617
