pathway_name	plot_group	n_plp	n_no_plp	OR	p	ci.int1	ci.int2	padj	cohort	perc_plp	fraction
Cancer predisposition genes	Neurofibroma plexiform	9403	64620	13.743707626367359	1.7891811375228555e-6	4.279192777627652	51.22016030303377	3.0416079337888542e-5	gnomAD	12.702808586520407	9403/74023
Cancer predisposition genes	Neurofibroma plexiform	838	5457	13.014412004385209	2.8968897260643e-6	4.040847866149491	48.61876046419118	4.92471253430931e-5	PMBB	13.312152501985702	838/6295
Cancer predisposition genes	Medulloblastoma	9403	64620	2.419768873405916	3.4863903094576145e-4	1.468549332823503	3.8680309245609803	0.005926863526077944	gnomAD	12.702808586520407	9403/74023
Cancer predisposition genes	Other high-grade glioma	9403	64620	2.623981486581257	4.239433049187727e-4	1.5064526615546747	4.4114877157523935	0.007207036183619136	gnomAD	12.702808586520407	9403/74023
Cancer predisposition genes	Medulloblastoma	838	5457	2.292542481517499	8.177365777689578e-4	1.383754129502985	3.6865721990092113	0.013901521822072282	PMBB	13.312152501985702	838/6295
Cancer predisposition genes	Other high-grade glioma	838	5457	2.4858699135900424	9.980558416636046e-4	1.4201835583044846	4.20324904489084	0.016966949308281278	PMBB	13.312152501985702	838/6295
Cancer predisposition genes	Atypical Teratoid Rhabdoid Tumor	9403	64620	2.8935317606215962	0.016087400560746312	1.0954783565252515	6.925618367561808	0.2734858095326873	gnomAD	12.702808586520407	9403/74023
Cancer predisposition genes	Non-neoplastic tumor	9403	64620	2.7488571335512746	0.020070199944954122	1.0469073085923977	6.51652446123126	0.3411933990642201	gnomAD	12.702808586520407	9403/74023
Cancer predisposition genes	Atypical Teratoid Rhabdoid Tumor	838	5457	2.741255626506717	0.021260263458327607	1.0347285354305824	6.584496261604791	0.3614244787915693	PMBB	13.312152501985702	838/6295
Cancer predisposition genes	Meningioma	9403	64620	2.6725016284242007	0.032141525046767296	0.9432197802738687	6.708380966332619	0.546405925795044	gnomAD	12.702808586520407	9403/74023
Cancer predisposition genes	Low-grade glioma	9403	64620	1.472615559698977	0.03323055279526553	1.013497332166557	2.0922118770608304	0.564919397519514	gnomAD	12.702808586520407	9403/74023
Cancer predisposition genes	Non-neoplastic tumor	838	5457	2.6040516017257977	0.044112349782190856	0.9888143532045338	6.196687994144832	0.7499099462972445	PMBB	13.312152501985702	838/6295
Cancer predisposition genes	Meningioma	838	5457	2.531850057986452	0.06815384431811217	0.8910543042052121	6.376527766726717	1	PMBB	13.312152501985702	838/6295
Cancer predisposition genes	Low-grade glioma	838	5457	1.3953316351568195	0.07059240243970258	0.953548516177693	1.9980221155056859	1	PMBB	13.312152501985702	838/6295
Cancer predisposition genes	Germ cell tumor	9403	64620	3.0542864307611155	0.07245006416207375	0.6871677696115586	10.943368888045782	1	gnomAD	12.702808586520407	9403/74023
Cancer predisposition genes	Germ cell tumor	838	5457	2.8935007235714156	0.0838198967711183	0.6496537466375452	10.394972422048014	1	PMBB	13.312152501985702	838/6295
Cancer predisposition genes	Other tumor	9403	64620	2.1701662545985783	0.12192458452456695	0.7091730991128314	5.654239051670977	1	gnomAD	12.702808586520407	9403/74023
Cancer predisposition genes	Other tumor	838	5457	2.0561299460190994	0.13388996901027225	0.6701059839436848	5.374302115914059	1	PMBB	13.312152501985702	838/6295
Cancer predisposition genes	Schwannoma	9403	64620	2.061682500785481	0.22315020167333668	0.3645337166306236	8.008730306009518	1	gnomAD	12.702808586520407	9403/74023
Cancer predisposition genes	Other CNS embryonal tumor	9403	64620	0	0.38416214500579243	0	2.4737637244098116	1	gnomAD	12.702808586520407	9403/74023
Cancer predisposition genes	Other CNS embryonal tumor	838	5457	0	0.38721467541498406	0	2.348735967295841	1	PMBB	13.312152501985702	838/6295
Cancer predisposition genes	Schwannoma	838	5457	1.9534062049046395	0.401019293792631	0.3447455786711068	7.606630811172746	1	PMBB	13.312152501985702	838/6295
Cancer predisposition genes	Craniopharyngioma	9403	64620	0.572693711695707	0.4727906558135215	0.1127884314558847	1.8130415521828875	1	gnomAD	12.702808586520407	9403/74023
Cancer predisposition genes	Craniopharyngioma	838	5457	0.542703945914366	0.4744014961157838	0.10667711164031128	1.7236546585073007	1	PMBB	13.312152501985702	838/6295
Cancer predisposition genes	Choroid plexus tumor	9403	64620	1.3744445386948272	0.4920694286651739	0.2550004365114981	4.859600248130519	1	gnomAD	12.702808586520407	9403/74023
Cancer predisposition genes	Choroid plexus tumor	838	5457	1.3023248667033558	0.7240298632268265	0.2411539469549839	4.617707417750455	1	PMBB	13.312152501985702	838/6295
Cancer predisposition genes	Mesenchymal tumor	9403	64620	1.2885448800723445	0.7259495981590458	0.2405496099616223	4.503015605533094	1	gnomAD	12.702808586520407	9403/74023
Cancer predisposition genes	Mesenchymal tumor	838	5457	1.2209412401995	0.7326454134357636	0.2274845526643625	4.278671955659214	1	PMBB	13.312152501985702	838/6295
Cancer predisposition genes	DIPG or DMG	838	5457	0.8313392760541859	0.8394606893409329	0.2895378588717154	1.9566797510162568	1	PMBB	13.312152501985702	838/6295
Cancer predisposition genes	Mixed neuronal-glial tumor	838	5457	0.9437589326848241	0.9999999999999999	0.4316796489048694	1.8514028229259476	1	PMBB	13.312152501985702	838/6295
Cancer predisposition genes	DIPG or DMG	9403	64620	0.8772880319763678	1	0.3064109408915934	2.0569444073610668	1	gnomAD	12.702808586520407	9403/74023
Cancer predisposition genes	Ependymoma	9403	64620	0.997588298739421	1	0.43567669747721033	2.0194730548809954	1	gnomAD	12.702808586520407	9403/74023
Cancer predisposition genes	Mixed neuronal-glial tumor	9403	64620	0.9959818766410773	1	0.4572206103950738	1.9448022727569696	1	gnomAD	12.702808586520407	9403/74023
Cancer predisposition genes	Ependymoma	838	5457	0.945281433276564	1	0.4114043402825754	1.9222031078020143	1	PMBB	13.312152501985702	838/6295
Cancer predisposition genes	Atypical Teratoid Rhabdoid Tumor	8	19	NA	NA	NA	NA	NA	PBTA	29.629629629629626	8/27
Cancer predisposition genes	Choroid plexus tumor	3	15	NA	NA	NA	NA	NA	PBTA	16.666666666666664	3/18
Cancer predisposition genes	Craniopharyngioma	3	36	NA	NA	NA	NA	NA	PBTA	7.6923076923076925	3/39
Cancer predisposition genes	DIPG or DMG	6	47	NA	NA	NA	NA	NA	PBTA	11.320754716981133	6/53
Cancer predisposition genes	Ependymoma	9	62	NA	NA	NA	NA	NA	PBTA	12.676056338028168	9/71
Cancer predisposition genes	Germ cell tumor	4	9	NA	NA	NA	NA	NA	PBTA	30.76923076923077	4/13
Cancer predisposition genes	Low-grade glioma	39	182	NA	NA	NA	NA	NA	PBTA	17.647058823529413	39/221
Cancer predisposition genes	Medulloblastoma	25	71	NA	NA	NA	NA	NA	PBTA	26.041666666666668	25/96
Cancer predisposition genes	Meningioma	7	18	NA	NA	NA	NA	NA	PBTA	28.000000000000004	7/25
Cancer predisposition genes	Mesenchymal tumor	3	16	NA	NA	NA	NA	NA	PBTA	15.789473684210526	3/19
Cancer predisposition genes	Mixed neuronal-glial tumor	10	69	NA	NA	NA	NA	NA	PBTA	12.658227848101266	10/79
Cancer predisposition genes	Neurofibroma plexiform	10	5	NA	NA	NA	NA	NA	PBTA	66.66666666666666	10/15
Cancer predisposition genes	Non-neoplastic tumor	8	20	NA	NA	NA	NA	NA	PBTA	28.57142857142857	8/28
Cancer predisposition genes	Other high-grade glioma	21	55	NA	NA	NA	NA	NA	PBTA	27.631578947368425	21/76
Cancer predisposition genes	Other tumor	6	19	NA	NA	NA	NA	NA	PBTA	24	6/25
Cancer predisposition genes	Schwannoma	3	10	NA	NA	NA	NA	NA	PBTA	23.076923076923077	3/13
Cancer predisposition genes	Other CNS embryonal tumor	0	12	NA	NA	NA	NA	NA	PBTA	0	0/12
