gene_symbol_vep	count_with_plp_control	total_cohort_size_control	count_without_plp_control	count_with_plp_case	total_cohort_size_case	count_without_plp_case	p	OR	ci.int1	ci.int2	padj	ntests
NF1	5	6295	6290	19	830	811	3.62387966500959e-14	29.42087142	10.59944465	101.1928305	2.645432155457e-12	73
TSC2	0	6295	6295	8	830	822	3.2912271949302e-08	Inf	13.0292699	Inf	2.40259585229904e-06	73
TP53	4	6295	6291	9	830	821	1.75431395684327e-06	17.22728038	4.795266402	76.709174	0.000128065	73
TSC1	0	6295	6295	5	830	825	2.12243225783888e-05	Inf	6.974983681	Inf	0.001549376	73
NF2	0	6295	6295	4	830	826	0.000182976	Inf	5.018382304	Inf	0.013357268	73
PTCH1	1	6295	6294	3	830	827	0.005754128	22.81174006	1.829218628	1189.539712	0.42005135	73
RAD51D	4	6295	6291	4	830	826	0.008698296	7.612157634	1.415034597	40.98720403	0.634975633	73
CREBBP	0	6295	6295	2	830	828	0.013555759	Inf	1.425310246	Inf	0.989570417	73
SMARCB1	0	6295	6295	2	830	828	0.013555759	Inf	1.425310246	Inf	0.989570417	73
SMARCE1	0	6295	6295	2	830	828	0.013555759	Inf	1.425310246	Inf	0.989570417	73
ABCB11	14	6295	6281	1	830	829	1	0.541222905	0.012786836	3.566162495	1	73
AKT1	0	6295	6295	1	830	829	0.116491228	Inf	0.194470156	Inf	1	73
APC	40	6295	6255	6	830	824	0.650520628	1.138611972	0.393318938	2.714063469	1	73
ASXL1	7	6295	6288	1	830	829	1	1.083594775	0.024013962	8.451333845	1	73
ATM	32	6295	6263	8	830	822	0.130446856	1.904479541	0.755656687	4.238496459	1	73
BAP1	0	6295	6295	1	830	829	0.116491228	Inf	0.194470156	Inf	1	73
BLM	14	6295	6281	1	830	829	1	0.541222905	0.012786836	3.566162495	1	73
BRCA1	18	6295	6277	3	830	827	0.728798397	1.264967569	0.238169233	4.346967685	1	73
BRCA2	19	6295	6276	3	830	827	0.736448848	1.198210206	0.226596238	4.083565665	1	73
BRIP1	15	6295	6280	3	830	827	0.458141209	1.518630265	0.281218454	5.384846898	1	73
BUB1B	4	6295	6291	2	830	828	0.148042663	3.797785698	0.343043114	26.53707718	1	73
CDKN2A	2	6295	6293	2	830	828	0.06927737	7.596196983	0.549941491	104.9518564	1	73
CHEK2	19	6295	6276	5	830	825	0.190139055	2.001705784	0.582554752	5.561848278	1	73
COL7A1	38	6295	6257	4	830	826	0.812788341	0.797410678	0.206193362	2.223055178	1	73
CTNNA1	0	6295	6295	1	830	829	0.116491228	Inf	0.194470156	Inf	1	73
DDX41	6	6295	6289	1	830	829	0.579944013	1.264328312	0.027455102	10.44109279	1	73
EDNRB	3	6295	6292	1	830	829	0.390750438	2.529649435	0.048134589	31.53150733	1	73
ELP1	16	6295	6279	1	830	829	0.71172212	0.473424422	0.011278175	3.055031744	1	73
EPCAM	3	6295	6292	1	830	829	0.390750438	2.529649435	0.048134589	31.53150733	1	73
ERCC2	32	6295	6263	5	830	825	0.613052631	1.186141534	0.359787068	3.07854909	1	73
ERCC3	29	6295	6266	1	830	829	0.248623387	0.260667667	0.006377247	1.576470268	1	73
ERCC4	9	6295	6286	2	830	828	0.372642225	1.686906806	0.177056056	8.169658048	1	73
EXT2	1	6295	6294	1	830	829	0.219426697	7.588245358	0.096605114	593.0100171	1	73
EZH2	6	6295	6289	2	830	828	0.237077298	2.531489424	0.249468912	14.18296759	1	73
FANCA	26	6295	6269	5	830	825	0.399340897	1.461208933	0.43697338	3.881454234	1	73
FANCC	9	6295	6286	2	830	828	0.372642225	1.686906806	0.177056056	8.169658048	1	73
FANCD2	14	6295	6281	2	830	828	0.709165196	1.083695618	0.119315387	4.730668927	1	73
FANCG	6	6295	6289	1	830	829	0.579944013	1.264328312	0.027455102	10.44109279	1	73
FANCI	9	6295	6286	1	830	829	1	0.842503405	0.019198972	6.09374125	1	73
FANCM	16	6295	6279	1	830	829	0.71172212	0.473424422	0.011278175	3.055031744	1	73
FH	6	6295	6289	1	830	829	0.579944013	1.264328312	0.027455102	10.44109279	1	73
GJB2	50	6295	6245	6	830	824	1	0.909465317	0.317641639	2.131381838	1	73
GPR161	0	6295	6295	1	830	829	0.116491228	Inf	0.194470156	Inf	1	73
HMBS	3	6295	6292	1	830	829	0.390750438	2.529649435	0.048134589	31.53150733	1	73
LZTR1	17	6295	6278	3	830	827	0.500893139	1.339575244	0.250980672	4.645850065	1	73
MPL	18	6295	6277	2	830	828	1	0.842373561	0.094618938	3.528432184	1	73
MSH2	0	6295	6295	1	830	829	0.116491228	Inf	0.194470156	Inf	1	73
MSH3	10	6295	6285	2	830	828	0.641884998	1.518003845	0.161429205	7.141113448	1	73
MSH6	4	6295	6291	2	830	828	0.148042663	3.797785698	0.343043114	26.53707718	1	73
MUTYH	22	6295	6273	7	830	823	0.072032618	2.424766629	0.872124486	5.899948948	1	73
NBN	16	6295	6279	1	830	829	0.71172212	0.473424422	0.011278175	3.055031744	1	73
NTHL1	10	6295	6285	1	830	829	1	0.758170695	0.01744882	5.341042763	1	73
PMS2	13	6295	6282	5	830	825	0.049879745	2.928034209	0.815176338	8.779528126	1	73
POLE	12	6295	6283	2	830	828	0.673917131	1.264647555	0.137256961	5.696184627	1	73
POLH	3	6295	6292	1	830	829	0.390750438	2.529649435	0.048134589	31.53150733	1	73
PRF1	6	6295	6289	1	830	829	0.579944013	1.264328312	0.027455102	10.44109279	1	73
PTCH2	4	6295	6291	1	830	829	0.461762534	1.896856139	0.038477192	19.19864685	1	73
PTEN	0	6295	6295	1	830	829	0.116491228	Inf	0.194470156	Inf	1	73
PTPN11	8	6295	6287	1	830	829	1	0.947982479	0.021338593	7.086795392	1	73
RECQL4	27	6295	6268	6	830	824	0.268670335	1.69024162	0.568916351	4.195417713	1	73
SDHA	3	6295	6292	1	830	829	0.390750438	2.529649435	0.048134589	31.53150733	1	73
SLX4	8	6295	6287	2	830	828	0.328094042	1.897937239	0.196025534	9.535310125	1	73
SOS1	4	6295	6291	1	830	829	0.461762534	1.896856139	0.038477192	19.19864685	1	73
SOS2	1	6295	6294	1	830	829	0.219426697	7.588245358	0.096605114	593.0100171	1	73
SUFU	18	6295	6277	2	830	828	1	0.842373561	0.094618938	3.528432184	1	73
TERT	2	6295	6293	2	830	828	0.06927737	7.596196983	0.549941491	104.9518564	1	73
VHL	3	6295	6292	1	830	829	0.390750438	2.529649435	0.048134589	31.53150733	1	73
WAS	0	6295	6295	1	830	829	0.116491228	Inf	0.194470156	Inf	1	73
WRN	9	6295	6286	1	830	829	1	0.842503405	0.019198972	6.09374125	1	73
XPC	10	6295	6285	1	830	829	1	0.758170695	0.01744882	5.341042763	1	73
DROSHA	0	6295	6295	1	830	829	0.116491228	Inf	0.194470156	Inf	1	73