gene_symbol_vep	population	count_with_plp_control	total_cohort_size_control	count_without_plp_control	count_with_plp_case	total_cohort_size_case	count_without_plp_case	p	OR	ci.int1	ci.int2	padj	ntests
NF1	all	48	74023	73975	19	830	811	8.52385955556538e-22	36.09658253	19.93730761	63.00916599	6.22241747556273e-20	73
TSC2	all	4	74023	74019	8	830	822	1.05192311778259e-13	179.7010937	48.00719372	810.6022816	7.67903875981293e-12	73
TSC1	all	2	74023	74021	5	830	825	3.41480332845422e-09	222.6986171	36.65493845	2453.308155	2.49280642977158e-07	73
TP53	all	44	74023	73979	9	830	821	6.95776663923677e-09	18.43560347	7.883110064	38.40425731	5.07916964664284e-07	73
NF2	all	2	74023	74021	4	830	826	2.21185550868633e-07	178.8270858	25.61317134	2009.796691	1.61465452134102e-05	73
PTCH1	all	6	74023	74017	3	830	827	0.000108562	44.67453756	7.225967979	210.8404871	0.007925047	73
SMARCB1	all	1	74023	74022	2	830	828	0.000365701	178.3932801	9.290816223	9601.079381	0.026696202	73
RAD51D	all	32	74023	73991	4	830	826	0.000666785	11.19277343	2.870006671	31.66807195	0.048675327	73
SMARCE1	all	2	74023	74021	2	830	828	0.000726014	89.50818441	6.46777006	1242.604435	0.052999015	73
SUFU	all	2	74023	74021	2	830	828	0.000726014	89.50818441	6.46777006	1242.604435	0.052999015	73
CREBBP	all	5	74023	74018	2	830	828	0.002485397	35.74898339	3.398983309	217.8547215	0.181433991	73
MUTYH	all	185	74023	73838	7	830	823	0.005895676	3.394616077	1.341827499	7.166573985	0.430384321	73
PMS2	all	104	74023	73919	5	830	825	0.007512306	4.307459285	1.366382511	10.41938645	0.548398325	73
ATM	all	261	74023	73762	8	830	822	0.010920935	2.750307832	1.171056948	5.526187395	0.797228267	73
ABCB11	all	135	74023	73888	1	830	829	1	0.660218256	0.016574065	3.751587958	1	73
AKT1	all	5	74023	74018	1	830	829	0.064715253	17.85386218	0.377099779	160.3625899	1	73
APC	all	199	74023	73824	6	830	824	0.027572602	2.701130667	0.976690177	6.008517777	1	73
ASXL1	all	59	74023	73964	1	830	829	0.4879256	1.512166693	0.037611028	8.780742523	1	73
BAP1	all	13	74023	74010	1	830	829	0.14454203	6.866522876	0.161402158	45.80885266	1	73
BLM	all	139	74023	73884	1	830	829	1	0.641184613	0.016099603	3.641523412	1	73
BRCA1	all	105	74023	73918	3	830	827	0.118880127	2.553640197	0.517250063	7.696391029	1	73
BRCA2	all	234	74023	73789	3	830	827	0.749507426	1.143905471	0.233715558	3.39624505	1	73
BRIP1	all	141	74023	73882	3	830	827	0.21510767	1.900788193	0.386558616	5.688967442	1	73
BUB1B	all	45	74023	73978	2	830	828	0.095804052	3.970760963	0.46586195	15.24777039	1	73
CDKN2A	all	16	74023	74007	2	830	828	0.016704576	11.16832896	1.244117812	47.64991216	1	73
CHEK2	all	186	74023	73837	5	830	825	0.062614484	2.405679304	0.770074701	5.738231304	1	73
COL7A1	all	297	74023	73726	4	830	826	0.580497456	1.202104439	0.324629922	3.122320018	1	73
CTNNA1	all	4	74023	74019	1	830	829	0.054227448	22.32755545	0.452716752	225.5113517	1	73
DDX41	all	67	74023	73956	1	830	829	0.53166161	1.331500725	0.033181785	7.697010466	1	73
EDNRB	all	10	74023	74013	1	830	829	0.115437334	8.927287711	0.205479877	62.89543871	1	73
ELP1	all	132	74023	73891	1	830	829	1	0.675250502	0.016948642	3.838904912	1	73
EPCAM	all	17	74023	74006	1	830	829	0.181865838	5.251467848	0.125503029	33.61818278	1	73
ERCC2	all	277	74023	73746	5	830	825	0.248186707	1.613490438	0.518425885	3.82628151	1	73
ERCC3	all	146	74023	73877	1	830	829	1	0.610385289	0.015331432	3.463942086	1	73
ERCC4	all	194	74023	73829	2	830	828	1	0.919232516	0.110352783	3.376124179	1	73
EXT2	all	32	74023	73991	1	830	829	0.307910609	2.789056465	0.068420465	16.73177214	1	73
EZH2	all	49	74023	73974	2	830	828	0.109844795	3.646729278	0.428832145	13.93626138	1	73
FANCA	all	261	74023	73762	5	830	825	0.226279416	1.712784546	0.550061233	4.06496838	1	73
FANCC	all	182	74023	73841	2	830	828	1	0.97999973	0.117593471	3.602335435	1	73
FANCD2	all	126	74023	73897	2	830	828	0.655416821	1.416589314	0.169391816	5.24082729	1	73
FANCG	all	58	74023	73965	1	830	829	0.482179267	1.538265037	0.038249157	8.93876879	1	73
FANCI	all	152	74023	73871	1	830	829	1	0.586243697	0.014731558	3.324927288	1	73
FANCM	all	385	74023	73638	1	830	829	0.139491384	0.230734264	0.005822642	1.296736948	1	73
FH	all	36	74023	73987	1	830	829	0.338114152	2.479074287	0.06101783	14.7643981	1	73
GJB2	all	489	74023	73534	6	830	824	0.827098253	1.094970885	0.398709495	2.410781159	1	73
GPR161	all	29	74023	73994	1	830	829	0.284357983	3.077672761	0.075268449	18.60487562	1	73
HMBS	all	43	74023	73980	1	830	829	0.387836871	2.075321327	0.051302801	12.2317985	1	73
LZTR1	all	254	74023	73769	3	830	827	0.764293971	1.053582003	0.215388921	3.12485681	1	73
MPL	all	185	74023	73838	2	830	828	1	0.964068877	0.115695891	3.543047332	1	73
MSH2	all	15	74023	74008	1	830	829	0.163411804	5.951129842	0.141207125	38.8068753	1	73
MSH3	all	123	74023	73900	2	830	828	0.404196066	1.451195242	0.173488033	5.371505558	1	73
MSH6	all	85	74023	73938	2	830	828	0.251167791	2.101081984	0.249974906	7.85051438	1	73
NBN	all	88	74023	73935	1	830	829	0.629524084	1.013476869	0.025344054	5.811220988	1	73
NTHL1	all	78	74023	73945	1	830	829	0.58577181	1.143558269	0.028556544	6.578443378	1	73
POLE	all	83	74023	73940	2	830	828	0.242968686	2.151797345	0.255907738	8.045794781	1	73
POLH	all	37	74023	73986	1	830	829	0.345457037	2.412198148	0.05941076	14.33985694	1	73
PRF1	all	79	74023	73944	1	830	829	0.590369791	1.12906802	0.028199148	6.492312545	1	73
PTCH2	all	26	74023	73997	1	830	829	0.260004832	3.432974721	0.083638919	20.94799695	1	73
PTEN	all	11	74023	74012	1	830	829	0.12524716	8.115577669	0.188335961	55.94773391	1	73
PTPN11	all	32	74023	73991	1	830	829	0.307910609	2.789056465	0.068420465	16.73177214	1	73
RECQL4	all	311	74023	73712	6	830	824	0.171801099	1.725824175	0.626680369	3.815427275	1	73
SDHA	all	111	74023	73912	1	830	829	1	0.803227493	0.020132607	4.581359786	1	73
SLX4	all	78	74023	73945	2	830	828	0.222531347	2.289831722	0.272047476	8.578859228	1	73
SOS1	all	12	74023	74011	1	830	829	0.134948325	7.440006171	0.173832137	50.3936061	1	73
SOS2	all	6	74023	74017	1	830	829	0.075086896	14.88202964	0.323126665	122.6045616	1	73
TERT	all	41	74023	73982	2	830	828	0.082335139	4.358384617	0.509858477	16.82688948	1	73
VHL	all	19	74023	74004	1	830	829	0.199913279	4.698122079	0.112941738	29.64033901	1	73
WAS	all	1	74023	74022	1	830	829	0.022053994	89.40576357	1.136144122	6532.282188	1	73
WRN	all	108	74023	73915	1	830	829	1	0.825572637	0.020687621	4.711040233	1	73
XPC	all	86	74023	73937	1	830	829	0.621159469	1.037087667	0.025927463	5.950181797	1	73
DROSHA	all	11	74023	74012	1	830	829	0.12524716	8.115577669	0.188335961	55.94773391	1	73